,Date,Patient Student Pair,Sphere of Care,Content Area,Assignment,Learner Population,Institution,Attempt,Time Stamp,Phase,SH Feature,Participant,Modality,Interaction Type,Utterance,Correct Attempt,CMC,TC,SA
,"28 Sep 2022, 04:49 PM EDT",Regina & Ryleigh,Hospice/Palliative Care,Gerontology,Focused Exam: End of Life,BSN,East Central University,https://app.shadowhealth.com/assignment_attempts/13063889,09/28/22 1:04 PM EDT,Assesment,Subjective Data Collection ,Ryleigh,Dialog,Greet,"Hello Ms. Walker, I am going to be your nurse today. Can you tell me your name and date of birth?",TRUE,0,1,1
,"28 Sep 2022, 04:49 PM EDT",Regina & Ryleigh,Hospice/Palliative Care,Gerontology,Focused Exam: End of Life,BSN,East Central University,https://app.shadowhealth.com/assignment_attempts/13063889,09/28/22 1:04 PM EDT,Assesment,Subjective Data Collection ,Regina Walker,Dialog,Response,Hi.,TRUE,0,0,0
,"28 Sep 2022, 04:49 PM EDT",Regina & Ryleigh,Hospice/Palliative Care,Gerontology,Focused Exam: End of Life,BSN,East Central University,https://app.shadowhealth.com/assignment_attempts/13063889,09/28/22 1:05 PM EDT,Assesment,Subjective Data Collection ,Ryleigh,Dialog,Question,Why are you here today,TRUE,0,1,1
,"28 Sep 2022, 04:49 PM EDT",Regina & Ryleigh,Hospice/Palliative Care,Gerontology,Focused Exam: End of Life,BSN,East Central University,https://app.shadowhealth.com/assignment_attempts/13063889,09/28/22 1:05 PM EDT,Assesment,Subjective Data Collection ,Regina Walker,Dialog,Response,I was having trouble with the pain from my cancer... I just couldn't take it anymore at home.,TRUE,0,0,0
,"28 Sep 2022, 04:49 PM EDT",Regina & Ryleigh,Hospice/Palliative Care,Gerontology,Focused Exam: End of Life,BSN,East Central University,https://app.shadowhealth.com/assignment_attempts/13063889,09/28/22 1:05 PM EDT,Assesment,Subjective Data Collection ,Ryleigh,Dialog,Statement,I am sorry to hear that. I know this has been so hard,TRUE,0,1,0
,"28 Sep 2022, 04:49 PM EDT",Regina & Ryleigh,Hospice/Palliative Care,Gerontology,Focused Exam: End of Life,BSN,East Central University,https://app.shadowhealth.com/assignment_attempts/13063889,09/28/22 1:05 PM EDT,Assesment,Subjective Data Collection ,Regina Walker,Dialog,Response,Thank you for saying that. Really.,TRUE,0,0,0
,"28 Sep 2022, 04:49 PM EDT",Regina & Ryleigh,Hospice/Palliative Care,Gerontology,Focused Exam: End of Life,BSN,East Central University,https://app.shadowhealth.com/assignment_attempts/13063889,09/28/22 1:06 PM EDT,Assesment,Subjective Data Collection ,Ryleigh,Dialog,Question,Can you tell me where you are?,TRUE,0,1,1
,"28 Sep 2022, 04:49 PM EDT",Regina & Ryleigh,Hospice/Palliative Care,Gerontology,Focused Exam: End of Life,BSN,East Central University,https://app.shadowhealth.com/assignment_attempts/13063889,09/28/22 1:06 PM EDT,Assesment,Subjective Data Collection ,Regina Walker,Dialog,Response,I'm in the hospital.,TRUE,0,0,0
,"28 Sep 2022, 04:49 PM EDT",Regina & Ryleigh,Hospice/Palliative Care,Gerontology,Focused Exam: End of Life,BSN,East Central University,https://app.shadowhealth.com/assignment_attempts/13063889,09/28/22 1:07 PM EDT,Assesment,Subjective Data Collection ,Ryleigh,Dialog,Statement,"Yes, thank you",TRUE,0,1,0
,"28 Sep 2022, 04:49 PM EDT",Regina & Ryleigh,Hospice/Palliative Care,Gerontology,Focused Exam: End of Life,BSN,East Central University,https://app.shadowhealth.com/assignment_attempts/13063889,09/28/22 1:07 PM EDT,Assesment,Subjective Data Collection ,Regina Walker,Dialog,Response,Thank you. Your kindness is felt.,TRUE,0,0,0
,"28 Sep 2022, 04:49 PM EDT",Regina & Ryleigh,Hospice/Palliative Care,Gerontology,Focused Exam: End of Life,BSN,East Central University,https://app.shadowhealth.com/assignment_attempts/13063889,09/28/22 1:07 PM EDT,Assesment,Subjective Data Collection ,Ryleigh,Dialog,Question,How is your fluid intake,TRUE,0,0,1
,"28 Sep 2022, 04:49 PM EDT",Regina & Ryleigh,Hospice/Palliative Care,Gerontology,Focused Exam: End of Life,BSN,East Central University,https://app.shadowhealth.com/assignment_attempts/13063889,09/28/22 1:07 PM EDT,Assesment,Subjective Data Collection ,Regina Walker,Dialog,Response,This week it's been quite low. I just haven't been very thirsty these days.,TRUE,0,0,0
,"28 Sep 2022, 04:49 PM EDT",Regina & Ryleigh,Hospice/Palliative Care,Gerontology,Focused Exam: End of Life,BSN,East Central University,https://app.shadowhealth.com/assignment_attempts/13063889,09/28/22 1:08 PM EDT,Assesment,Subjective Data Collection ,Ryleigh,Dialog,Question,How is your urinary comfort,TRUE,0,1,1
,"28 Sep 2022, 04:49 PM EDT",Regina & Ryleigh,Hospice/Palliative Care,Gerontology,Focused Exam: End of Life,BSN,East Central University,https://app.shadowhealth.com/assignment_attempts/13063889,09/28/22 1:08 PM EDT,Assesment,Subjective Data Collection ,Regina Walker,Dialog,Response,It's been normal as far as I can tell.,TRUE,0,0,0
,"28 Sep 2022, 04:49 PM EDT",Regina & Ryleigh,Hospice/Palliative Care,Gerontology,Focused Exam: End of Life,BSN,East Central University,https://app.shadowhealth.com/assignment_attempts/13063889,09/28/22 1:08 PM EDT,Assesment,Subjective Data Collection ,Ryleigh,Dialog,Statement,thats great,TRUE,0,1,0
,"28 Sep 2022, 04:49 PM EDT",Regina & Ryleigh,Hospice/Palliative Care,Gerontology,Focused Exam: End of Life,BSN,East Central University,https://app.shadowhealth.com/assignment_attempts/13063889,09/28/22 1:08 PM EDT,Assesment,Subjective Data Collection ,Regina Walker,Dialog,Response,I appreciate the good will.,TRUE,0,0,0
,"28 Sep 2022, 04:49 PM EDT",Regina & Ryleigh,Hospice/Palliative Care,Gerontology,Focused Exam: End of Life,BSN,East Central University,https://app.shadowhealth.com/assignment_attempts/13063889,09/28/22 1:08 PM EDT,Assesment,Subjective Data Collection ,Ryleigh,Dialog,Question,When was the last time you ate anything,TRUE,0,1,1
,"28 Sep 2022, 04:49 PM EDT",Regina & Ryleigh,Hospice/Palliative Care,Gerontology,Focused Exam: End of Life,BSN,East Central University,https://app.shadowhealth.com/assignment_attempts/13063889,09/28/22 1:08 PM EDT,Assesment,Subjective Data Collection ,Regina Walker,Dialog,Response,"Let's see, I had a few bites of yogurt last night before bed... I think that was the last time I had anything.",TRUE,0,0,0
,"28 Sep 2022, 04:49 PM EDT",Regina & Ryleigh,Hospice/Palliative Care,Gerontology,Focused Exam: End of Life,BSN,East Central University,https://app.shadowhealth.com/assignment_attempts/13063889,09/28/22 1:09 PM EDT,Assesment,Subjective Data Collection ,Ryleigh,Dialog,Statement,The next questions may be difficult,TRUE,0,1,0
,"28 Sep 2022, 04:49 PM EDT",Regina & Ryleigh,Hospice/Palliative Care,Gerontology,Focused Exam: End of Life,BSN,East Central University,https://app.shadowhealth.com/assignment_attempts/13063889,09/28/22 1:09 PM EDT,Assesment,Subjective Data Collection ,Regina Walker,Dialog,Response,Thanks much for that.,TRUE,0,0,0
,"28 Sep 2022, 04:49 PM EDT",Regina & Ryleigh,Hospice/Palliative Care,Gerontology,Focused Exam: End of Life,BSN,East Central University,https://app.shadowhealth.com/assignment_attempts/13063889,09/28/22 1:09 PM EDT,Assesment,Subjective Data Collection ,Ryleigh,Dialog,Question,What are your hospice preferences,TRUE,1,1,1
,"28 Sep 2022, 04:49 PM EDT",Regina & Ryleigh,Hospice/Palliative Care,Gerontology,Focused Exam: End of Life,BSN,East Central University,https://app.shadowhealth.com/assignment_attempts/13063889,09/28/22 1:09 PM EDT,Assesment,Subjective Data Collection ,Regina Walker,Dialog,Response,I want to allow things to take their course . . . it's time for me to stop fighting and just enjoy the time I have left in what little ways I can. My husband and I have chosen an assisted living residence near my home where I'll go for hospice care. I have been told that they can help me with the pain there . . . and it's close enough that my husband can be with me.,TRUE,0,0,0
,"28 Sep 2022, 04:49 PM EDT",Regina & Ryleigh,Hospice/Palliative Care,Gerontology,Focused Exam: End of Life,BSN,East Central University,https://app.shadowhealth.com/assignment_attempts/13063889,09/28/22 1:10 PM EDT,Assesment,Subjective Data Collection ,Ryleigh,Dialog,Statement,that sounds great. I am glad that you have made that decision for yourself,TRUE,1,1,0
,"28 Sep 2022, 04:49 PM EDT",Regina & Ryleigh,Hospice/Palliative Care,Gerontology,Focused Exam: End of Life,BSN,East Central University,https://app.shadowhealth.com/assignment_attempts/13063889,09/28/22 1:10 PM EDT,Assesment,Subjective Data Collection ,Regina Walker,Dialog,Response,"Yes, thanks very much.",TRUE,0,0,0
,"28 Sep 2022, 04:49 PM EDT",Regina & Ryleigh,Hospice/Palliative Care,Gerontology,Focused Exam: End of Life,BSN,East Central University,https://app.shadowhealth.com/assignment_attempts/13063889,09/28/22 1:10 PM EDT,Assesment,Education and Empathy,Ryleigh,Dialog,Question,Do you have an advanced directive,TRUE,0,1,1
,"28 Sep 2022, 04:49 PM EDT",Regina & Ryleigh,Hospice/Palliative Care,Gerontology,Focused Exam: End of Life,BSN,East Central University,https://app.shadowhealth.com/assignment_attempts/13063889,09/28/22 1:10 PM EDT,Assesment,Education and Empathy,Regina Walker,Dialog,Response,"Yes, all my affairs should be in order.",TRUE,0,0,0
,"28 Sep 2022, 04:49 PM EDT",Regina & Ryleigh,Hospice/Palliative Care,Gerontology,Focused Exam: End of Life,BSN,East Central University,https://app.shadowhealth.com/assignment_attempts/13063889,09/28/22 1:11 PM EDT,Assesment,Education and Empathy,Ryleigh,Dialog,Statement,great,TRUE,0,1,0
,"28 Sep 2022, 04:49 PM EDT",Regina & Ryleigh,Hospice/Palliative Care,Gerontology,Focused Exam: End of Life,BSN,East Central University,https://app.shadowhealth.com/assignment_attempts/13063889,09/28/22 1:11 PM EDT,Assesment,Education and Empathy,Regina Walker,Dialog,Response,I appreciate the sympathy.,TRUE,0,0,0
,"28 Sep 2022, 04:49 PM EDT",Regina & Ryleigh,Hospice/Palliative Care,Gerontology,Focused Exam: End of Life,BSN,East Central University,https://app.shadowhealth.com/assignment_attempts/13063889,09/28/22 1:11 PM EDT,Assesment,Subjective Data Collection ,Ryleigh,Dialog,Question,what is your pain,TRUE,0,0,1
,"28 Sep 2022, 04:49 PM EDT",Regina & Ryleigh,Hospice/Palliative Care,Gerontology,Focused Exam: End of Life,BSN,East Central University,https://app.shadowhealth.com/assignment_attempts/13063889,09/28/22 1:11 PM EDT,Assesment,Subjective Data Collection ,Regina Walker,Dialog,Response,It's my cancer... I'm aware how bad it's gotten.,TRUE,0,0,0
,"28 Sep 2022, 04:49 PM EDT",Regina & Ryleigh,Hospice/Palliative Care,Gerontology,Focused Exam: End of Life,BSN,East Central University,https://app.shadowhealth.com/assignment_attempts/13063889,09/28/22 1:11 PM EDT,Assesment,Subjective Data Collection ,Ryleigh,Dialog,Question,what is the onset and duration of your pain,TRUE,0,0,1
,"28 Sep 2022, 04:49 PM EDT",Regina & Ryleigh,Hospice/Palliative Care,Gerontology,Focused Exam: End of Life,BSN,East Central University,https://app.shadowhealth.com/assignment_attempts/13063889,09/28/22 1:11 PM EDT,Assesment,Subjective Data Collection ,System,Dialog,Feedback,No matching questions found.,TRUE,0,0,0
,"28 Sep 2022, 04:49 PM EDT",Regina & Ryleigh,Hospice/Palliative Care,Gerontology,Focused Exam: End of Life,BSN,East Central University,https://app.shadowhealth.com/assignment_attempts/13063889,09/28/22 1:12 PM EDT,Assesment,Subjective Data Collection ,Ryleigh,Dialog,Question,when did your pain start,TRUE,0,0,1
,"28 Sep 2022, 04:49 PM EDT",Regina & Ryleigh,Hospice/Palliative Care,Gerontology,Focused Exam: End of Life,BSN,East Central University,https://app.shadowhealth.com/assignment_attempts/13063889,09/28/22 1:12 PM EDT,Assesment,Subjective Data Collection ,Regina Walker,Dialog,Response,"I've been in some pain for a long time, but it reached an unbearable level two days ago.",TRUE,0,0,0
,"28 Sep 2022, 04:49 PM EDT",Regina & Ryleigh,Hospice/Palliative Care,Gerontology,Focused Exam: End of Life,BSN,East Central University,https://app.shadowhealth.com/assignment_attempts/13063889,09/28/22 1:12 PM EDT,Assesment,Subjective Data Collection ,Ryleigh,Dialog,Question,where is the pain located,TRUE,0,0,1
,"28 Sep 2022, 04:49 PM EDT",Regina & Ryleigh,Hospice/Palliative Care,Gerontology,Focused Exam: End of Life,BSN,East Central University,https://app.shadowhealth.com/assignment_attempts/13063889,09/28/22 1:12 PM EDT,Assesment,Subjective Data Collection ,Regina Walker,Dialog,Response,"Well, everywhere really . . . These past days I've felt it mostly in my ribs and legs but even my bones hurt.",TRUE,0,0,0
,"28 Sep 2022, 04:49 PM EDT",Regina & Ryleigh,Hospice/Palliative Care,Gerontology,Focused Exam: End of Life,BSN,East Central University,https://app.shadowhealth.com/assignment_attempts/13063889,09/28/22 1:13 PM EDT,Assesment,Subjective Data Collection ,Ryleigh,Dialog,Question,what does your pain feel like,TRUE,0,1,1
,"28 Sep 2022, 04:49 PM EDT",Regina & Ryleigh,Hospice/Palliative Care,Gerontology,Focused Exam: End of Life,BSN,East Central University,https://app.shadowhealth.com/assignment_attempts/13063889,09/28/22 1:13 PM EDT,Assesment,Subjective Data Collection ,Regina Walker,Dialog,Response,"I can feel it all over my body . . . It's a sharp pain in my bones, my legs, and my ribs. It's been getting much worse over the past two days.",TRUE,0,0,0
,"28 Sep 2022, 04:49 PM EDT",Regina & Ryleigh,Hospice/Palliative Care,Gerontology,Focused Exam: End of Life,BSN,East Central University,https://app.shadowhealth.com/assignment_attempts/13063889,09/28/22 1:13 PM EDT,Assesment,Subjective Data Collection ,Ryleigh,Dialog,Statement,i am sorry that you feel this way,TRUE,0,1,0
,"28 Sep 2022, 04:49 PM EDT",Regina & Ryleigh,Hospice/Palliative Care,Gerontology,Focused Exam: End of Life,BSN,East Central University,https://app.shadowhealth.com/assignment_attempts/13063889,09/28/22 1:13 PM EDT,Assesment,Subjective Data Collection ,Regina Walker,Dialog,Response,Thank you. Your kindness is felt.,TRUE,0,0,0
,"28 Sep 2022, 04:49 PM EDT",Regina & Ryleigh,Hospice/Palliative Care,Gerontology,Focused Exam: End of Life,BSN,East Central University,https://app.shadowhealth.com/assignment_attempts/13063889,09/28/22 1:13 PM EDT,Assesment,Subjective Data Collection ,Ryleigh,Dialog,Question,what makes your pain worse,TRUE,0,1,1
,"28 Sep 2022, 04:49 PM EDT",Regina & Ryleigh,Hospice/Palliative Care,Gerontology,Focused Exam: End of Life,BSN,East Central University,https://app.shadowhealth.com/assignment_attempts/13063889,09/28/22 1:13 PM EDT,Assesment,Subjective Data Collection ,Regina Walker,Dialog,Response,"Nothing makes the pain worse, nothing makes it better. It's just constant and relentless.",TRUE,0,0,0
,"28 Sep 2022, 04:49 PM EDT",Regina & Ryleigh,Hospice/Palliative Care,Gerontology,Focused Exam: End of Life,BSN,East Central University,https://app.shadowhealth.com/assignment_attempts/13063889,09/28/22 1:14 PM EDT,Assesment,Subjective Data Collection ,Ryleigh,Dialog,Question,does anything make it better,TRUE,0,1,1
,"28 Sep 2022, 04:49 PM EDT",Regina & Ryleigh,Hospice/Palliative Care,Gerontology,Focused Exam: End of Life,BSN,East Central University,https://app.shadowhealth.com/assignment_attempts/13063889,09/28/22 1:14 PM EDT,Assesment,Subjective Data Collection ,Regina Walker,Dialog,Response,"I took my pain pills at home but nothing fully gets rid of the pain, really... I'm not ungrateful for what you all have done for me, I can just still feel it there, through the medication.",TRUE,0,0,0
,"28 Sep 2022, 04:49 PM EDT",Regina & Ryleigh,Hospice/Palliative Care,Gerontology,Focused Exam: End of Life,BSN,East Central University,https://app.shadowhealth.com/assignment_attempts/13063889,09/28/22 1:14 PM EDT,Assesment,Subjective Data Collection ,Ryleigh,Dialog,Statement,that must be hard,TRUE,0,1,0
,"28 Sep 2022, 04:49 PM EDT",Regina & Ryleigh,Hospice/Palliative Care,Gerontology,Focused Exam: End of Life,BSN,East Central University,https://app.shadowhealth.com/assignment_attempts/13063889,09/28/22 1:14 PM EDT,Assesment,Subjective Data Collection ,Regina Walker,Dialog,Response,I appreciate the sympathy.,TRUE,0,0,0
,"28 Sep 2022, 04:49 PM EDT",Regina & Ryleigh,Hospice/Palliative Care,Gerontology,Focused Exam: End of Life,BSN,East Central University,https://app.shadowhealth.com/assignment_attempts/13063889,09/28/22 1:14 PM EDT,Assesment,Subjective Data Collection ,Ryleigh,Dialog,Question,how severe is the pain,TRUE,0,1,1
,"28 Sep 2022, 04:49 PM EDT",Regina & Ryleigh,Hospice/Palliative Care,Gerontology,Focused Exam: End of Life,BSN,East Central University,https://app.shadowhealth.com/assignment_attempts/13063889,09/28/22 1:14 PM EDT,Assesment,Subjective Data Collection ,Regina Walker,Dialog,Response,"It's better now than before, but I can still feel it there.",TRUE,0,0,0
,"28 Sep 2022, 04:49 PM EDT",Regina & Ryleigh,Hospice/Palliative Care,Gerontology,Focused Exam: End of Life,BSN,East Central University,https://app.shadowhealth.com/assignment_attempts/13063889,09/28/22 1:15 PM EDT,Assesment,Subjective Data Collection ,Ryleigh,Dialog,Question,do you have any allergies,TRUE,0,0,1
,"28 Sep 2022, 04:49 PM EDT",Regina & Ryleigh,Hospice/Palliative Care,Gerontology,Focused Exam: End of Life,BSN,East Central University,https://app.shadowhealth.com/assignment_attempts/13063889,09/28/22 1:15 PM EDT,Assesment,Subjective Data Collection ,Regina Walker,Dialog,Response,"Well, I don't have allergies to anything but penicillin. I told them right when I arrived.",TRUE,0,0,0
,"28 Sep 2022, 04:49 PM EDT",Regina & Ryleigh,Hospice/Palliative Care,Gerontology,Focused Exam: End of Life,BSN,East Central University,https://app.shadowhealth.com/assignment_attempts/13063889,09/28/22 1:15 PM EDT,Assesment,Subjective Data Collection ,Ryleigh,Dialog,Question,what happens when you take penicillin,TRUE,0,1,1
,"28 Sep 2022, 04:49 PM EDT",Regina & Ryleigh,Hospice/Palliative Care,Gerontology,Focused Exam: End of Life,BSN,East Central University,https://app.shadowhealth.com/assignment_attempts/13063889,09/28/22 1:15 PM EDT,Assesment,Subjective Data Collection ,Regina Walker,Dialog,Response,I'm fairly certain I just got a rash when I found out I was allergic.,TRUE,0,0,0
,"28 Sep 2022, 04:49 PM EDT",Regina & Ryleigh,Hospice/Palliative Care,Gerontology,Focused Exam: End of Life,BSN,East Central University,https://app.shadowhealth.com/assignment_attempts/13063889,09/28/22 1:15 PM EDT,Assesment,Subjective Data Collection ,Ryleigh,Dialog,Statement,thank you,TRUE,0,1,0
,"28 Sep 2022, 04:49 PM EDT",Regina & Ryleigh,Hospice/Palliative Care,Gerontology,Focused Exam: End of Life,BSN,East Central University,https://app.shadowhealth.com/assignment_attempts/13063889,09/28/22 1:15 PM EDT,Assesment,Subjective Data Collection ,Regina Walker,Dialog,Response,Thank you for saying that. Really.,TRUE,0,0,0
,"28 Sep 2022, 04:49 PM EDT",Regina & Ryleigh,Hospice/Palliative Care,Gerontology,Focused Exam: End of Life,BSN,East Central University,https://app.shadowhealth.com/assignment_attempts/13063889,09/28/22 1:16 PM EDT,Assesment,Subjective Data Collection ,Ryleigh,Dialog,Question,do you have any past medical conditions,TRUE,0,0,1
,"28 Sep 2022, 04:49 PM EDT",Regina & Ryleigh,Hospice/Palliative Care,Gerontology,Focused Exam: End of Life,BSN,East Central University,https://app.shadowhealth.com/assignment_attempts/13063889,09/28/22 1:16 PM EDT,Assesment,Subjective Data Collection ,Regina Walker,Dialog,Response,"Yes, I have stage IV breast cancer and hypertension.",TRUE,0,0,0
,"28 Sep 2022, 04:49 PM EDT",Regina & Ryleigh,Hospice/Palliative Care,Gerontology,Focused Exam: End of Life,BSN,East Central University,https://app.shadowhealth.com/assignment_attempts/13063889,09/28/22 1:16 PM EDT,Assesment,Education and Empathy,Ryleigh,Dialog,Question,can you tell me about your medications,TRUE,0,1,1
,"28 Sep 2022, 04:49 PM EDT",Regina & Ryleigh,Hospice/Palliative Care,Gerontology,Focused Exam: End of Life,BSN,East Central University,https://app.shadowhealth.com/assignment_attempts/13063889,09/28/22 1:16 PM EDT,Assesment,Education and Empathy,Regina Walker,Dialog,Response,I take two types of morphine at home every day and I also manage my hypertension with Hyzaar.,TRUE,0,0,0
,"28 Sep 2022, 04:49 PM EDT",Regina & Ryleigh,Hospice/Palliative Care,Gerontology,Focused Exam: End of Life,BSN,East Central University,https://app.shadowhealth.com/assignment_attempts/13063889,09/28/22 1:17 PM EDT,Assesment,Education and Empathy,Ryleigh,Dialog,Question,tell me more about morphine,TRUE,0,1,1
,"28 Sep 2022, 04:49 PM EDT",Regina & Ryleigh,Hospice/Palliative Care,Gerontology,Focused Exam: End of Life,BSN,East Central University,https://app.shadowhealth.com/assignment_attempts/13063889,09/28/22 1:17 PM EDT,Assesment,Education and Empathy,Regina Walker,Dialog,Response,I've been taking morphine for about six months. That's when the cancer had spread to my bones and the pain was intensifying.,TRUE,0,0,0
,"28 Sep 2022, 04:49 PM EDT",Regina & Ryleigh,Hospice/Palliative Care,Gerontology,Focused Exam: End of Life,BSN,East Central University,https://app.shadowhealth.com/assignment_attempts/13063889,09/28/22 1:17 PM EDT,Assesment,Education and Empathy,Ryleigh,Dialog,Question,what is your long acting morphine ,TRUE,0,0,1
,"28 Sep 2022, 04:49 PM EDT",Regina & Ryleigh,Hospice/Palliative Care,Gerontology,Focused Exam: End of Life,BSN,East Central University,https://app.shadowhealth.com/assignment_attempts/13063889,09/28/22 1:17 PM EDT,Assesment,Education and Empathy,System,Dialog,Clarification,How are you taking the long acting morphine?,TRUE,0,1,1
,"28 Sep 2022, 04:49 PM EDT",Regina & Ryleigh,Hospice/Palliative Care,Gerontology,Focused Exam: End of Life,BSN,East Central University,https://app.shadowhealth.com/assignment_attempts/13063889,09/28/22 1:17 PM EDT,Assesment,Education and Empathy,Regina Walker,Dialog,Response,"My morphine all comes in pill form, both the fast and slow acting.",TRUE,0,0,0
,"28 Sep 2022, 04:49 PM EDT",Regina & Ryleigh,Hospice/Palliative Care,Gerontology,Focused Exam: End of Life,BSN,East Central University,https://app.shadowhealth.com/assignment_attempts/13063889,09/28/22 1:18 PM EDT,Assesment,Education and Empathy,Ryleigh,Dialog,Statement,thank you,TRUE,0,1,0
,"28 Sep 2022, 04:49 PM EDT",Regina & Ryleigh,Hospice/Palliative Care,Gerontology,Focused Exam: End of Life,BSN,East Central University,https://app.shadowhealth.com/assignment_attempts/13063889,09/28/22 1:18 PM EDT,Assesment,Education and Empathy,Regina Walker,Dialog,Response,I appreciate the good will.,TRUE,0,0,0
,"28 Sep 2022, 04:49 PM EDT",Regina & Ryleigh,Hospice/Palliative Care,Gerontology,Focused Exam: End of Life,BSN,East Central University,https://app.shadowhealth.com/assignment_attempts/13063889,09/28/22 1:18 PM EDT,Assesment,Subjective Data Collection ,Ryleigh,Dialog,Question,do you use any substances,TRUE,0,1,1
,"28 Sep 2022, 04:49 PM EDT",Regina & Ryleigh,Hospice/Palliative Care,Gerontology,Focused Exam: End of Life,BSN,East Central University,https://app.shadowhealth.com/assignment_attempts/13063889,09/28/22 1:18 PM EDT,Assesment,Subjective Data Collection ,Regina Walker,Dialog,Response,"No, I do not.",TRUE,0,0,0
,"28 Sep 2022, 04:49 PM EDT",Regina & Ryleigh,Hospice/Palliative Care,Gerontology,Focused Exam: End of Life,BSN,East Central University,https://app.shadowhealth.com/assignment_attempts/13063889,09/28/22 1:18 PM EDT,Assesment,Subjective Data Collection ,Ryleigh,Dialog,Statement,we have to ask everyone about their drug use. it is very important to know,TRUE,0,1,0
,"28 Sep 2022, 04:49 PM EDT",Regina & Ryleigh,Hospice/Palliative Care,Gerontology,Focused Exam: End of Life,BSN,East Central University,https://app.shadowhealth.com/assignment_attempts/13063889,09/28/22 1:18 PM EDT,Assesment,Subjective Data Collection ,Regina Walker,Dialog,Response,I appreciate the information.,TRUE,0,0,0
,"28 Sep 2022, 04:49 PM EDT",Regina & Ryleigh,Hospice/Palliative Care,Gerontology,Focused Exam: End of Life,BSN,East Central University,https://app.shadowhealth.com/assignment_attempts/13063889,09/28/22 1:19 PM EDT,Assesment,Subjective Data Collection ,Ryleigh,Dialog,Statement,I am going to ask you some questions about your body now,TRUE,0,1,0
,"28 Sep 2022, 04:49 PM EDT",Regina & Ryleigh,Hospice/Palliative Care,Gerontology,Focused Exam: End of Life,BSN,East Central University,https://app.shadowhealth.com/assignment_attempts/13063889,09/28/22 1:19 PM EDT,Assesment,Subjective Data Collection ,Regina Walker,Dialog,Response,I see. Thats helpful to know.,TRUE,0,0,0
,"28 Sep 2022, 04:49 PM EDT",Regina & Ryleigh,Hospice/Palliative Care,Gerontology,Focused Exam: End of Life,BSN,East Central University,https://app.shadowhealth.com/assignment_attempts/13063889,09/28/22 1:20 PM EDT,Assesment,Subjective Data Collection ,Ryleigh,Dialog,Question,do you have any new issues with your head?,TRUE,0,0,1
,"28 Sep 2022, 04:49 PM EDT",Regina & Ryleigh,Hospice/Palliative Care,Gerontology,Focused Exam: End of Life,BSN,East Central University,https://app.shadowhealth.com/assignment_attempts/13063889,09/28/22 1:20 PM EDT,Assesment,Subjective Data Collection ,System,Dialog,Clarification,Have you ever had any problems with your head?,TRUE,0,0,1
,"28 Sep 2022, 04:49 PM EDT",Regina & Ryleigh,Hospice/Palliative Care,Gerontology,Focused Exam: End of Life,BSN,East Central University,https://app.shadowhealth.com/assignment_attempts/13063889,09/28/22 1:20 PM EDT,Assesment,Subjective Data Collection ,Regina Walker,Dialog,Response,"My head feels just fine, that's not where I'm having the pain. ",TRUE,0,0,0
,"28 Sep 2022, 04:49 PM EDT",Regina & Ryleigh,Hospice/Palliative Care,Gerontology,Focused Exam: End of Life,BSN,East Central University,https://app.shadowhealth.com/assignment_attempts/13063889,09/28/22 1:20 PM EDT,Assesment,Subjective Data Collection ,Ryleigh,Dialog,Question,do you have respiratory issues,TRUE,0,0,1
,"28 Sep 2022, 04:49 PM EDT",Regina & Ryleigh,Hospice/Palliative Care,Gerontology,Focused Exam: End of Life,BSN,East Central University,https://app.shadowhealth.com/assignment_attempts/13063889,09/28/22 1:20 PM EDT,Assesment,Subjective Data Collection ,Regina Walker,Dialog,Response,"No, I don't have any breathing difficulties.",TRUE,0,0,0
,"28 Sep 2022, 04:49 PM EDT",Regina & Ryleigh,Hospice/Palliative Care,Gerontology,Focused Exam: End of Life,BSN,East Central University,https://app.shadowhealth.com/assignment_attempts/13063889,09/28/22 1:20 PM EDT,Assesment,Subjective Data Collection ,Ryleigh,Dialog,Question,do you have any cardiac issues,TRUE,0,0,1
,"28 Sep 2022, 04:49 PM EDT",Regina & Ryleigh,Hospice/Palliative Care,Gerontology,Focused Exam: End of Life,BSN,East Central University,https://app.shadowhealth.com/assignment_attempts/13063889,09/28/22 1:20 PM EDT,Assesment,Subjective Data Collection ,Regina Walker,Dialog,Response,"No, I've never had heart trouble.",TRUE,0,0,0
,"28 Sep 2022, 04:49 PM EDT",Regina & Ryleigh,Hospice/Palliative Care,Gerontology,Focused Exam: End of Life,BSN,East Central University,https://app.shadowhealth.com/assignment_attempts/13063889,09/28/22 1:20 PM EDT,Assesment,Subjective Data Collection ,Ryleigh,Dialog,Question,have you had any gastrointestinal issues ,TRUE,0,0,1
,"28 Sep 2022, 04:49 PM EDT",Regina & Ryleigh,Hospice/Palliative Care,Gerontology,Focused Exam: End of Life,BSN,East Central University,https://app.shadowhealth.com/assignment_attempts/13063889,09/28/22 1:20 PM EDT,Assesment,Subjective Data Collection ,System,Dialog,Clarification,Do you have gastrointestinal problems?,TRUE,0,0,1
,"28 Sep 2022, 04:49 PM EDT",Regina & Ryleigh,Hospice/Palliative Care,Gerontology,Focused Exam: End of Life,BSN,East Central University,https://app.shadowhealth.com/assignment_attempts/13063889,09/28/22 1:20 PM EDT,Assesment,Subjective Data Collection ,Regina Walker,Dialog,Response,"Well, I've been getting pain in my stomach and I've been a bit constipated as well. Which I think is why I feel so full and bloated. ",TRUE,0,0,0
,"28 Sep 2022, 04:49 PM EDT",Regina & Ryleigh,Hospice/Palliative Care,Gerontology,Focused Exam: End of Life,BSN,East Central University,https://app.shadowhealth.com/assignment_attempts/13063889,09/28/22 1:21 PM EDT,Assesment,Subjective Data Collection ,Ryleigh,Dialog,Question,how long have you been constipated,TRUE,0,1,1
,"28 Sep 2022, 04:49 PM EDT",Regina & Ryleigh,Hospice/Palliative Care,Gerontology,Focused Exam: End of Life,BSN,East Central University,https://app.shadowhealth.com/assignment_attempts/13063889,09/28/22 1:21 PM EDT,Assesment,Subjective Data Collection ,Regina Walker,Dialog,Response,"Well, I've been constipated for about four days now, I can't seem to make anything happen there.",TRUE,0,0,0
,"28 Sep 2022, 04:49 PM EDT",Regina & Ryleigh,Hospice/Palliative Care,Gerontology,Focused Exam: End of Life,BSN,East Central University,https://app.shadowhealth.com/assignment_attempts/13063889,09/28/22 1:21 PM EDT,Assesment,Subjective Data Collection ,Ryleigh,Dialog,Statement,"a high fiber diet and more water can help with that. sometimes, your pain medications may cause constipation",TRUE,1,1,0
,"28 Sep 2022, 04:49 PM EDT",Regina & Ryleigh,Hospice/Palliative Care,Gerontology,Focused Exam: End of Life,BSN,East Central University,https://app.shadowhealth.com/assignment_attempts/13063889,09/28/22 1:21 PM EDT,Assesment,Subjective Data Collection ,Regina Walker,Dialog,Response,You're kind for filling me in.,TRUE,0,0,0
,"28 Sep 2022, 04:49 PM EDT",Regina & Ryleigh,Hospice/Palliative Care,Gerontology,Focused Exam: End of Life,BSN,East Central University,https://app.shadowhealth.com/assignment_attempts/13063889,09/28/22 1:22 PM EDT,Assesment,Subjective Data Collection ,Ryleigh,Dialog,Question,do you have any neurological issues,TRUE,0,0,1
,"28 Sep 2022, 04:49 PM EDT",Regina & Ryleigh,Hospice/Palliative Care,Gerontology,Focused Exam: End of Life,BSN,East Central University,https://app.shadowhealth.com/assignment_attempts/13063889,09/28/22 1:22 PM EDT,Assesment,Subjective Data Collection ,Regina Walker,Dialog,Response,"Yes, I've been feeling quite weak lately.",TRUE,0,0,0
,"28 Sep 2022, 04:49 PM EDT",Regina & Ryleigh,Hospice/Palliative Care,Gerontology,Focused Exam: End of Life,BSN,East Central University,https://app.shadowhealth.com/assignment_attempts/13063889,09/28/22 1:22 PM EDT,Assesment,Subjective Data Collection ,Ryleigh,Dialog,Statement,im sorry to hear that,TRUE,0,1,0
,"28 Sep 2022, 04:49 PM EDT",Regina & Ryleigh,Hospice/Palliative Care,Gerontology,Focused Exam: End of Life,BSN,East Central University,https://app.shadowhealth.com/assignment_attempts/13063889,09/28/22 1:22 PM EDT,Assesment,Subjective Data Collection ,Regina Walker,Dialog,Response,"Yes, thanks very much.",TRUE,0,0,0
,"28 Sep 2022, 04:49 PM EDT",Regina & Ryleigh,Hospice/Palliative Care,Gerontology,Focused Exam: End of Life,BSN,East Central University,https://app.shadowhealth.com/assignment_attempts/13063889,09/28/22 1:22 PM EDT,Assesment,Subjective Data Collection ,Ryleigh,Dialog,Question,do you have any psychological issues,TRUE,0,0,1
,"28 Sep 2022, 04:49 PM EDT",Regina & Ryleigh,Hospice/Palliative Care,Gerontology,Focused Exam: End of Life,BSN,East Central University,https://app.shadowhealth.com/assignment_attempts/13063889,09/28/22 1:22 PM EDT,Assesment,Subjective Data Collection ,Regina Walker,Dialog,Response,"No, not specifically . . . I have been feeling somewhat anxious lately though.",TRUE,0,0,0
,"28 Sep 2022, 04:49 PM EDT",Regina & Ryleigh,Hospice/Palliative Care,Gerontology,Focused Exam: End of Life,BSN,East Central University,https://app.shadowhealth.com/assignment_attempts/13063889,09/28/22 1:23 PM EDT,Assesment,Subjective Data Collection ,Ryleigh,Dialog,Question,do you have depression,TRUE,0,0,1
,"28 Sep 2022, 04:49 PM EDT",Regina & Ryleigh,Hospice/Palliative Care,Gerontology,Focused Exam: End of Life,BSN,East Central University,https://app.shadowhealth.com/assignment_attempts/13063889,09/28/22 1:23 PM EDT,Assesment,Subjective Data Collection ,Regina Walker,Dialog,Response,"I have my ups and downs. Nothing so down I'd call depression, though.",TRUE,0,0,0
,"28 Sep 2022, 04:49 PM EDT",Regina & Ryleigh,Hospice/Palliative Care,Gerontology,Focused Exam: End of Life,BSN,East Central University,https://app.shadowhealth.com/assignment_attempts/13063889,09/28/22 1:23 PM EDT,Assesment,Subjective Data Collection ,Ryleigh,Dialog,Question,hows your living environment,TRUE,0,1,1
,"28 Sep 2022, 04:49 PM EDT",Regina & Ryleigh,Hospice/Palliative Care,Gerontology,Focused Exam: End of Life,BSN,East Central University,https://app.shadowhealth.com/assignment_attempts/13063889,09/28/22 1:23 PM EDT,Assesment,Subjective Data Collection ,Regina Walker,Dialog,Response,"I'm living with my husband in our home. I'm happy there still, all the familiar surroundings, visits from our friends . . . but if the pain is going to be as bad as this morning from now on, I'm not sure what I can do about it at home.",TRUE,0,0,0
,"28 Sep 2022, 04:49 PM EDT",Regina & Ryleigh,Hospice/Palliative Care,Gerontology,Focused Exam: End of Life,BSN,East Central University,https://app.shadowhealth.com/assignment_attempts/13063889,09/28/22 1:23 PM EDT,Assesment,Subjective Data Collection ,Ryleigh,Dialog,Question,do you feel safe,TRUE,0,1,1
,"28 Sep 2022, 04:49 PM EDT",Regina & Ryleigh,Hospice/Palliative Care,Gerontology,Focused Exam: End of Life,BSN,East Central University,https://app.shadowhealth.com/assignment_attempts/13063889,09/28/22 1:23 PM EDT,Assesment,Subjective Data Collection ,Regina Walker,Dialog,Response,"Of course, I've never felt threatened at home.",TRUE,0,0,0
,"28 Sep 2022, 04:49 PM EDT",Regina & Ryleigh,Hospice/Palliative Care,Gerontology,Focused Exam: End of Life,BSN,East Central University,https://app.shadowhealth.com/assignment_attempts/13063889,09/28/22 1:24 PM EDT,Assesment,Subjective Data Collection ,Ryleigh,Dialog,Statement,great,TRUE,0,1,0
,"28 Sep 2022, 04:49 PM EDT",Regina & Ryleigh,Hospice/Palliative Care,Gerontology,Focused Exam: End of Life,BSN,East Central University,https://app.shadowhealth.com/assignment_attempts/13063889,09/28/22 1:24 PM EDT,Assesment,Subjective Data Collection ,Regina Walker,Dialog,Response,I appreciate the sympathy.,TRUE,0,0,0
,"28 Sep 2022, 04:49 PM EDT",Regina & Ryleigh,Hospice/Palliative Care,Gerontology,Focused Exam: End of Life,BSN,East Central University,https://app.shadowhealth.com/assignment_attempts/13063889,09/28/22 1:24 PM EDT,Assesment,Subjective Data Collection ,Ryleigh,Dialog,Question,how is bathing,TRUE,0,0,1
,"28 Sep 2022, 04:49 PM EDT",Regina & Ryleigh,Hospice/Palliative Care,Gerontology,Focused Exam: End of Life,BSN,East Central University,https://app.shadowhealth.com/assignment_attempts/13063889,09/28/22 1:24 PM EDT,Assesment,Subjective Data Collection ,Regina Walker,Dialog,Response,"I don't bathe on my own anymore. My husband helps me, especially with getting in and out of the shower, and we have a shower bench that I sit on.",TRUE,0,0,0
,"28 Sep 2022, 04:49 PM EDT",Regina & Ryleigh,Hospice/Palliative Care,Gerontology,Focused Exam: End of Life,BSN,East Central University,https://app.shadowhealth.com/assignment_attempts/13063889,09/28/22 1:24 PM EDT,Assesment,Subjective Data Collection ,Ryleigh,Dialog,Question,how is dressing,TRUE,0,0,1
,"28 Sep 2022, 04:49 PM EDT",Regina & Ryleigh,Hospice/Palliative Care,Gerontology,Focused Exam: End of Life,BSN,East Central University,https://app.shadowhealth.com/assignment_attempts/13063889,09/28/22 1:24 PM EDT,Assesment,Subjective Data Collection ,Regina Walker,Dialog,Response,I don't have any trouble dressing myself.,TRUE,0,0,0
,"28 Sep 2022, 04:49 PM EDT",Regina & Ryleigh,Hospice/Palliative Care,Gerontology,Focused Exam: End of Life,BSN,East Central University,https://app.shadowhealth.com/assignment_attempts/13063889,09/28/22 1:24 PM EDT,Assesment,Education and Empathy,Ryleigh,Dialog,Question,how is transferring,TRUE,0,0,1
,"28 Sep 2022, 04:49 PM EDT",Regina & Ryleigh,Hospice/Palliative Care,Gerontology,Focused Exam: End of Life,BSN,East Central University,https://app.shadowhealth.com/assignment_attempts/13063889,09/28/22 1:24 PM EDT,Assesment,Education and Empathy,Regina Walker,Dialog,Response,"Well, I have the most trouble getting up from any sort of lying position, so I spend most of my time in bed. My husband usually gives me a hand when I need to get up.",TRUE,0,0,0
,"28 Sep 2022, 04:49 PM EDT",Regina & Ryleigh,Hospice/Palliative Care,Gerontology,Focused Exam: End of Life,BSN,East Central University,https://app.shadowhealth.com/assignment_attempts/13063889,09/28/22 1:25 PM EDT,Assesment,Education and Empathy,Ryleigh,Dialog,Statement,that is nice of him,TRUE,0,1,0
,"28 Sep 2022, 04:49 PM EDT",Regina & Ryleigh,Hospice/Palliative Care,Gerontology,Focused Exam: End of Life,BSN,East Central University,https://app.shadowhealth.com/assignment_attempts/13063889,09/28/22 1:25 PM EDT,Assesment,Education and Empathy,Regina Walker,Dialog,Response,I appreciate the good will.,TRUE,0,0,0
,"28 Sep 2022, 04:49 PM EDT",Regina & Ryleigh,Hospice/Palliative Care,Gerontology,Focused Exam: End of Life,BSN,East Central University,https://app.shadowhealth.com/assignment_attempts/13063889,09/28/22 1:25 PM EDT,Assesment,Subjective Data Collection ,Ryleigh,Dialog,Question,are you continent,TRUE,0,0,1
,"28 Sep 2022, 04:49 PM EDT",Regina & Ryleigh,Hospice/Palliative Care,Gerontology,Focused Exam: End of Life,BSN,East Central University,https://app.shadowhealth.com/assignment_attempts/13063889,09/28/22 1:25 PM EDT,Assesment,Subjective Data Collection ,Regina Walker,Dialog,Response,"Yes, I haven't had any accidents.",TRUE,0,0,0
,"28 Sep 2022, 04:49 PM EDT",Regina & Ryleigh,Hospice/Palliative Care,Gerontology,Focused Exam: End of Life,BSN,East Central University,https://app.shadowhealth.com/assignment_attempts/13063889,09/28/22 1:25 PM EDT,Assesment,Subjective Data Collection ,Ryleigh,Dialog,Question,can you eat by yourself,TRUE,1,0,1
,"28 Sep 2022, 04:49 PM EDT",Regina & Ryleigh,Hospice/Palliative Care,Gerontology,Focused Exam: End of Life,BSN,East Central University,https://app.shadowhealth.com/assignment_attempts/13063889,09/28/22 1:25 PM EDT,Assesment,Subjective Data Collection ,Regina Walker,Dialog,Response,"Yes, I haven't gotten to that point yet and hopefully won't have to ever worry about having someone feed me.",TRUE,0,0,0
,"28 Sep 2022, 04:49 PM EDT",Regina & Ryleigh,Hospice/Palliative Care,Gerontology,Focused Exam: End of Life,BSN,East Central University,https://app.shadowhealth.com/assignment_attempts/13063889,09/28/22 1:25 PM EDT,Assesment,Subjective Data Collection ,Ryleigh,Dialog,Statement,i am glad,TRUE,0,1,0
,"28 Sep 2022, 04:49 PM EDT",Regina & Ryleigh,Hospice/Palliative Care,Gerontology,Focused Exam: End of Life,BSN,East Central University,https://app.shadowhealth.com/assignment_attempts/13063889,09/28/22 1:25 PM EDT,Assesment,Subjective Data Collection ,Regina Walker,Dialog,Response,"Yes, thanks very much.",TRUE,0,0,0
,"28 Sep 2022, 04:49 PM EDT",Regina & Ryleigh,Hospice/Palliative Care,Gerontology,Focused Exam: End of Life,BSN,East Central University,https://app.shadowhealth.com/assignment_attempts/13063889,09/28/22 1:25 PM EDT,Assesment,Subjective Data Collection ,Ryleigh,Dialog,Question,how is your sleep,TRUE,0,0,1
,"28 Sep 2022, 04:49 PM EDT",Regina & Ryleigh,Hospice/Palliative Care,Gerontology,Focused Exam: End of Life,BSN,East Central University,https://app.shadowhealth.com/assignment_attempts/13063889,09/28/22 1:25 PM EDT,Assesment,Subjective Data Collection ,Regina Walker,Dialog,Response,"Well, I don't sleep soundly, that's for certain. It's difficult for me to get to sleep and even if I do, the pain wakes me up a few times in the night.",TRUE,0,0,0
,"28 Sep 2022, 04:49 PM EDT",Regina & Ryleigh,Hospice/Palliative Care,Gerontology,Focused Exam: End of Life,BSN,East Central University,https://app.shadowhealth.com/assignment_attempts/13063889,09/28/22 1:26 PM EDT,Assesment,Subjective Data Collection ,Ryleigh,Dialog,Question,do you ever get confused,TRUE,0,0,1
,"28 Sep 2022, 04:49 PM EDT",Regina & Ryleigh,Hospice/Palliative Care,Gerontology,Focused Exam: End of Life,BSN,East Central University,https://app.shadowhealth.com/assignment_attempts/13063889,09/28/22 1:26 PM EDT,Assesment,Subjective Data Collection ,Regina Walker,Dialog,Response,"No, I'm not confused right now. This morning the pain was making it a bit hard to think but I'm all here now.",TRUE,0,0,0
,"28 Sep 2022, 04:49 PM EDT",Regina & Ryleigh,Hospice/Palliative Care,Gerontology,Focused Exam: End of Life,BSN,East Central University,https://app.shadowhealth.com/assignment_attempts/13063889,09/28/22 1:26 PM EDT,Assesment,Subjective Data Collection ,Ryleigh,Dialog,Question,do you have any skin breakdown,TRUE,0,0,1
,"28 Sep 2022, 04:49 PM EDT",Regina & Ryleigh,Hospice/Palliative Care,Gerontology,Focused Exam: End of Life,BSN,East Central University,https://app.shadowhealth.com/assignment_attempts/13063889,09/28/22 1:26 PM EDT,Assesment,Subjective Data Collection ,Regina Walker,Dialog,Response,I wouldn't call it much of a problem but my skin has been feeling thinner than normal.,TRUE,0,0,0
,"28 Sep 2022, 04:49 PM EDT",Regina & Ryleigh,Hospice/Palliative Care,Gerontology,Focused Exam: End of Life,BSN,East Central University,https://app.shadowhealth.com/assignment_attempts/13063889,09/28/22 1:27 PM EDT,Assesment,Subjective Data Collection ,Ryleigh,Dialog,Statement,that is a normal sign of aging,TRUE,0,1,0
,"28 Sep 2022, 04:49 PM EDT",Regina & Ryleigh,Hospice/Palliative Care,Gerontology,Focused Exam: End of Life,BSN,East Central University,https://app.shadowhealth.com/assignment_attempts/13063889,09/28/22 1:27 PM EDT,Assesment,Subjective Data Collection ,Regina Walker,Dialog,Response,Thanks. Perhaps that could help me.,TRUE,0,0,0
,"28 Sep 2022, 04:49 PM EDT",Regina & Ryleigh,Hospice/Palliative Care,Gerontology,Focused Exam: End of Life,BSN,East Central University,https://app.shadowhealth.com/assignment_attempts/13063889,09/28/22 1:27 PM EDT,Assesment,Subjective Data Collection ,Ryleigh,Dialog,Question,do you have any weight changes,TRUE,0,0,1
,"28 Sep 2022, 04:49 PM EDT",Regina & Ryleigh,Hospice/Palliative Care,Gerontology,Focused Exam: End of Life,BSN,East Central University,https://app.shadowhealth.com/assignment_attempts/13063889,09/28/22 1:27 PM EDT,Assesment,Subjective Data Collection ,Regina Walker,Dialog,Response,"Yes, I've lost 20 pounds or so in the past two months.",TRUE,0,0,0
,"28 Sep 2022, 04:49 PM EDT",Regina & Ryleigh,Hospice/Palliative Care,Gerontology,Focused Exam: End of Life,BSN,East Central University,https://app.shadowhealth.com/assignment_attempts/13063889,09/28/22 1:27 PM EDT,Assesment,Subjective Data Collection ,Ryleigh,Dialog,Question,tell me more about your weightloss,TRUE,0,1,1
,"28 Sep 2022, 04:49 PM EDT",Regina & Ryleigh,Hospice/Palliative Care,Gerontology,Focused Exam: End of Life,BSN,East Central University,https://app.shadowhealth.com/assignment_attempts/13063889,09/28/22 1:27 PM EDT,Assesment,Subjective Data Collection ,System,Dialog,Feedback,No matching questions found.,TRUE,0,0,0
,"28 Sep 2022, 04:49 PM EDT",Regina & Ryleigh,Hospice/Palliative Care,Gerontology,Focused Exam: End of Life,BSN,East Central University,https://app.shadowhealth.com/assignment_attempts/13063889,09/28/22 1:27 PM EDT,Assesment,Subjective Data Collection ,Ryleigh,Dialog,Question,tell me more about your weight loss ,TRUE,0,1,1
,"28 Sep 2022, 04:49 PM EDT",Regina & Ryleigh,Hospice/Palliative Care,Gerontology,Focused Exam: End of Life,BSN,East Central University,https://app.shadowhealth.com/assignment_attempts/13063889,09/28/22 1:27 PM EDT,Assesment,Subjective Data Collection ,System,Dialog,Feedback,No matching questions found.,TRUE,0,0,0
,"28 Sep 2022, 04:49 PM EDT",Regina & Ryleigh,Hospice/Palliative Care,Gerontology,Focused Exam: End of Life,BSN,East Central University,https://app.shadowhealth.com/assignment_attempts/13063889,09/28/22 1:28 PM EDT,Assesment,Subjective Data Collection ,Ryleigh,Dialog,Question,do you have oral problems,TRUE,0,0,1
,"28 Sep 2022, 04:49 PM EDT",Regina & Ryleigh,Hospice/Palliative Care,Gerontology,Focused Exam: End of Life,BSN,East Central University,https://app.shadowhealth.com/assignment_attempts/13063889,09/28/22 1:28 PM EDT,Assesment,Subjective Data Collection ,Regina Walker,Dialog,Response,"No, I don't have any problems with my mouth, jaw, or teeth.",TRUE,0,0,0
,"28 Sep 2022, 04:49 PM EDT",Regina & Ryleigh,Hospice/Palliative Care,Gerontology,Focused Exam: End of Life,BSN,East Central University,https://app.shadowhealth.com/assignment_attempts/13063889,09/28/22 1:28 PM EDT,Assesment,Subjective Data Collection ,Ryleigh,Dialog,Question,how has your appetite changed ,TRUE,0,1,1
,"28 Sep 2022, 04:49 PM EDT",Regina & Ryleigh,Hospice/Palliative Care,Gerontology,Focused Exam: End of Life,BSN,East Central University,https://app.shadowhealth.com/assignment_attempts/13063889,09/28/22 1:28 PM EDT,Assesment,Subjective Data Collection ,System,Dialog,Clarification,Have you lost your appetite?,TRUE,0,0,1
,"28 Sep 2022, 04:49 PM EDT",Regina & Ryleigh,Hospice/Palliative Care,Gerontology,Focused Exam: End of Life,BSN,East Central University,https://app.shadowhealth.com/assignment_attempts/13063889,09/28/22 1:28 PM EDT,Assesment,Subjective Data Collection ,Regina Walker,Dialog,Response,"Yes, I don't eat very much anymore to be frank. I'll usually take a few bites or sips of whatever I'm having.",TRUE,0,0,0
,"28 Sep 2022, 04:49 PM EDT",Regina & Ryleigh,Hospice/Palliative Care,Gerontology,Focused Exam: End of Life,BSN,East Central University,https://app.shadowhealth.com/assignment_attempts/13063889,09/28/22 1:28 PM EDT,Assesment,Subjective Data Collection ,Ryleigh,Dialog,Statement,that must be hard,TRUE,0,1,0
,"28 Sep 2022, 04:49 PM EDT",Regina & Ryleigh,Hospice/Palliative Care,Gerontology,Focused Exam: End of Life,BSN,East Central University,https://app.shadowhealth.com/assignment_attempts/13063889,09/28/22 1:28 PM EDT,Assesment,Subjective Data Collection ,Regina Walker,Dialog,Response,Thank you for saying that. Really.,TRUE,0,0,0
,"28 Sep 2022, 04:49 PM EDT",Regina & Ryleigh,Hospice/Palliative Care,Gerontology,Focused Exam: End of Life,BSN,East Central University,https://app.shadowhealth.com/assignment_attempts/13063889,09/28/22 1:29 PM EDT,Assesment,Subjective Data Collection ,Ryleigh,Dialog,Question,how does your health affect your social life ,TRUE,0,1,1
,"28 Sep 2022, 04:49 PM EDT",Regina & Ryleigh,Hospice/Palliative Care,Gerontology,Focused Exam: End of Life,BSN,East Central University,https://app.shadowhealth.com/assignment_attempts/13063889,09/28/22 1:29 PM EDT,Assesment,Subjective Data Collection ,System,Dialog,Clarification,Do your health problems affect your social life?,TRUE,0,0,1
,"28 Sep 2022, 04:49 PM EDT",Regina & Ryleigh,Hospice/Palliative Care,Gerontology,Focused Exam: End of Life,BSN,East Central University,https://app.shadowhealth.com/assignment_attempts/13063889,09/28/22 1:29 PM EDT,Assesment,Subjective Data Collection ,Regina Walker,Dialog,Response,"Yes, it certainly does. I love that we get plenty of visitors at our house, but it's hard for me even to get up and see them sometimes. ",TRUE,0,0,0
,"28 Sep 2022, 04:49 PM EDT",Regina & Ryleigh,Hospice/Palliative Care,Gerontology,Focused Exam: End of Life,BSN,East Central University,https://app.shadowhealth.com/assignment_attempts/13063889,09/28/22 1:30 PM EDT,Assesment,Subjective Data Collection ,Ryleigh,Dialog,Statement,that must be hard,TRUE,0,1,0
,"28 Sep 2022, 04:49 PM EDT",Regina & Ryleigh,Hospice/Palliative Care,Gerontology,Focused Exam: End of Life,BSN,East Central University,https://app.shadowhealth.com/assignment_attempts/13063889,09/28/22 1:30 PM EDT,Assesment,Subjective Data Collection ,Regina Walker,Dialog,Response,Thank you. Your kindness is felt.,TRUE,0,0,0
,"28 Sep 2022, 04:49 PM EDT",Regina & Ryleigh,Hospice/Palliative Care,Gerontology,Focused Exam: End of Life,BSN,East Central University,https://app.shadowhealth.com/assignment_attempts/13063889,09/28/22 1:30 PM EDT,Assesment,Subjective Data Collection ,Ryleigh,Dialog,Question,how do you view health,TRUE,0,1,1
,"28 Sep 2022, 04:49 PM EDT",Regina & Ryleigh,Hospice/Palliative Care,Gerontology,Focused Exam: End of Life,BSN,East Central University,https://app.shadowhealth.com/assignment_attempts/13063889,09/28/22 1:30 PM EDT,Assesment,Subjective Data Collection ,Regina Walker,Dialog,Response,I'd say my health is poor in general. I'm quite aware of the situation I'm in.,TRUE,0,0,0
,"28 Sep 2022, 04:49 PM EDT",Regina & Ryleigh,Hospice/Palliative Care,Gerontology,Focused Exam: End of Life,BSN,East Central University,https://app.shadowhealth.com/assignment_attempts/13063889,09/28/22 1:30 PM EDT,Assesment,Education and Empathy,Ryleigh,Dialog,Question,are you always tired,TRUE,0,1,1
,"28 Sep 2022, 04:49 PM EDT",Regina & Ryleigh,Hospice/Palliative Care,Gerontology,Focused Exam: End of Life,BSN,East Central University,https://app.shadowhealth.com/assignment_attempts/13063889,09/28/22 1:30 PM EDT,Assesment,Education and Empathy,Regina Walker,Dialog,Response,"Yes, I'm just exhausted all the time. This pain just takes so much out of me.",TRUE,0,0,0
,"28 Sep 2022, 04:49 PM EDT",Regina & Ryleigh,Hospice/Palliative Care,Gerontology,Focused Exam: End of Life,BSN,East Central University,https://app.shadowhealth.com/assignment_attempts/13063889,09/28/22 1:31 PM EDT,Assesment,Education and Empathy,Ryleigh,Dialog,Question,have you been hospitalized recently,TRUE,0,0,1
,"28 Sep 2022, 04:49 PM EDT",Regina & Ryleigh,Hospice/Palliative Care,Gerontology,Focused Exam: End of Life,BSN,East Central University,https://app.shadowhealth.com/assignment_attempts/13063889,09/28/22 1:31 PM EDT,Assesment,Education and Empathy,Regina Walker,Dialog,Response,"No, I haven't been to the hospital for around three months.",TRUE,0,0,0
,"28 Sep 2022, 04:49 PM EDT",Regina & Ryleigh,Hospice/Palliative Care,Gerontology,Focused Exam: End of Life,BSN,East Central University,https://app.shadowhealth.com/assignment_attempts/13063889,09/28/22 1:31 PM EDT,Assesment,Education and Empathy,Ryleigh,Dialog,Statement,that is great,TRUE,0,1,0
,"28 Sep 2022, 04:49 PM EDT",Regina & Ryleigh,Hospice/Palliative Care,Gerontology,Focused Exam: End of Life,BSN,East Central University,https://app.shadowhealth.com/assignment_attempts/13063889,09/28/22 1:31 PM EDT,Assesment,Education and Empathy,Regina Walker,Dialog,Response,Thank you for saying that. Really.,TRUE,0,0,0
,"28 Sep 2022, 04:49 PM EDT",Regina & Ryleigh,Hospice/Palliative Care,Gerontology,Focused Exam: End of Life,BSN,East Central University,https://app.shadowhealth.com/assignment_attempts/13063889,09/28/22 1:31 PM EDT,Assesment,Subjective Data Collection ,Ryleigh,Dialog,Question,have you fallen recently,TRUE,0,0,1
,"28 Sep 2022, 04:49 PM EDT",Regina & Ryleigh,Hospice/Palliative Care,Gerontology,Focused Exam: End of Life,BSN,East Central University,https://app.shadowhealth.com/assignment_attempts/13063889,09/28/22 1:31 PM EDT,Assesment,Subjective Data Collection ,Regina Walker,Dialog,Response,"No, I haven't had any recent falls.",TRUE,0,0,0
,"28 Sep 2022, 04:49 PM EDT",Regina & Ryleigh,Hospice/Palliative Care,Gerontology,Focused Exam: End of Life,BSN,East Central University,https://app.shadowhealth.com/assignment_attempts/13063889,09/28/22 4:23 PM EDT,Assesment,Objective Data Collection ,Ryleigh,Click,Exam Action,Assessed vitals,TRUE,0,0,0
,"28 Sep 2022, 04:49 PM EDT",Regina & Ryleigh,Hospice/Palliative Care,Gerontology,Focused Exam: End of Life,BSN,East Central University,https://app.shadowhealth.com/assignment_attempts/13063889,09/28/22 4:23 PM EDT,Assesment,Objective Data Collection ,Ryleigh,Click,Answer,Temperature-Normothermic,TRUE,0,0,0
,"28 Sep 2022, 04:49 PM EDT",Regina & Ryleigh,Hospice/Palliative Care,Gerontology,Focused Exam: End of Life,BSN,East Central University,https://app.shadowhealth.com/assignment_attempts/13063889,09/28/22 4:23 PM EDT,Assesment,Objective Data Collection ,Ryleigh,Click,Answer,Blood Pressure-Normotensive,TRUE,0,0,0
,"28 Sep 2022, 04:49 PM EDT",Regina & Ryleigh,Hospice/Palliative Care,Gerontology,Focused Exam: End of Life,BSN,East Central University,https://app.shadowhealth.com/assignment_attempts/13063889,09/28/22 4:23 PM EDT,Assesment,Objective Data Collection ,Ryleigh,Click,Answer,Heart Reate-No abnormal findings,TRUE,0,0,0
,"28 Sep 2022, 04:49 PM EDT",Regina & Ryleigh,Hospice/Palliative Care,Gerontology,Focused Exam: End of Life,BSN,East Central University,https://app.shadowhealth.com/assignment_attempts/13063889,09/28/22 4:23 PM EDT,Assesment,Objective Data Collection ,Ryleigh,Click,Answer,Respiratory Rate-No abnormal findings,TRUE,0,0,0
,"28 Sep 2022, 04:49 PM EDT",Regina & Ryleigh,Hospice/Palliative Care,Gerontology,Focused Exam: End of Life,BSN,East Central University,https://app.shadowhealth.com/assignment_attempts/13063889,09/28/22 4:23 PM EDT,Assesment,Objective Data Collection ,Ryleigh,Click,Answer,Oxygen Saturation-No abnormal findings,TRUE,0,0,0
,"28 Sep 2022, 04:49 PM EDT",Regina & Ryleigh,Hospice/Palliative Care,Gerontology,Focused Exam: End of Life,BSN,East Central University,https://app.shadowhealth.com/assignment_attempts/13063889,09/28/22 4:24 PM EDT,Assesment,Objective Data Collection ,Ryleigh,Click,Exam Action,Assessed IV bag,TRUE,0,0,0
,"28 Sep 2022, 04:49 PM EDT",Regina & Ryleigh,Hospice/Palliative Care,Gerontology,Focused Exam: End of Life,BSN,East Central University,https://app.shadowhealth.com/assignment_attempts/13063889,09/28/22 4:24 PM EDT,Assesment,Objective Data Collection ,Ryleigh,Click,Answer,Appropriate Fluid-Bag is normal saline,TRUE,0,0,0
,"28 Sep 2022, 04:49 PM EDT",Regina & Ryleigh,Hospice/Palliative Care,Gerontology,Focused Exam: End of Life,BSN,East Central University,https://app.shadowhealth.com/assignment_attempts/13063889,09/28/22 4:24 PM EDT,Assesment,Objective Data Collection ,Ryleigh,Click,Answer,Apporpriate Label-Name and dosage are correct,TRUE,0,0,0
,"28 Sep 2022, 04:49 PM EDT",Regina & Ryleigh,Hospice/Palliative Care,Gerontology,Focused Exam: End of Life,BSN,East Central University,https://app.shadowhealth.com/assignment_attempts/13063889,09/28/22 4:24 PM EDT,Assesment,Objective Data Collection ,Ryleigh,Click,Answer,Fluid Apperance- No visible abnormal appearance,TRUE,0,0,0
,"28 Sep 2022, 04:49 PM EDT",Regina & Ryleigh,Hospice/Palliative Care,Gerontology,Focused Exam: End of Life,BSN,East Central University,https://app.shadowhealth.com/assignment_attempts/13063889,09/28/22 4:25 PM EDT,Assesment,Objective Data Collection ,Ryleigh,Click,Exam Action,Assessed IV pump,TRUE,0,0,0
,"28 Sep 2022, 04:49 PM EDT",Regina & Ryleigh,Hospice/Palliative Care,Gerontology,Focused Exam: End of Life,BSN,East Central University,https://app.shadowhealth.com/assignment_attempts/13063889,09/28/22 4:25 PM EDT,Assesment,Objective Data Collection ,Ryleigh,Click,Answer,Infusion Rate-IV pump is infusing IV fluid at the ordered rate,TRUE,0,0,0
,"28 Sep 2022, 04:49 PM EDT",Regina & Ryleigh,Hospice/Palliative Care,Gerontology,Focused Exam: End of Life,BSN,East Central University,https://app.shadowhealth.com/assignment_attempts/13063889,09/28/22 4:25 PM EDT,Assesment,Objective Data Collection ,Ryleigh,Click,Exam Action,Assessed IV site,TRUE,0,0,0
,"28 Sep 2022, 04:49 PM EDT",Regina & Ryleigh,Hospice/Palliative Care,Gerontology,Focused Exam: End of Life,BSN,East Central University,https://app.shadowhealth.com/assignment_attempts/13063889,09/28/22 4:25 PM EDT,Assesment,Objective Data Collection ,Ryleigh,Click,Answer,Insertion Site-No visible abnormal signs,TRUE,0,0,0
,"28 Sep 2022, 04:49 PM EDT",Regina & Ryleigh,Hospice/Palliative Care,Gerontology,Focused Exam: End of Life,BSN,East Central University,https://app.shadowhealth.com/assignment_attempts/13063889,09/28/22 4:25 PM EDT,Assesment,Objective Data Collection ,Ryleigh,Click,Answer,Dressing-Dry and Intact,TRUE,0,0,0
,"28 Sep 2022, 04:49 PM EDT",Regina & Ryleigh,Hospice/Palliative Care,Gerontology,Focused Exam: End of Life,BSN,East Central University,https://app.shadowhealth.com/assignment_attempts/13063889,09/28/22 4:26 PM EDT,Assesment,Objective Data Collection ,Ryleigh,Click,Exam Action,Assessed urine quality,TRUE,0,0,0
,"28 Sep 2022, 04:49 PM EDT",Regina & Ryleigh,Hospice/Palliative Care,Gerontology,Focused Exam: End of Life,BSN,East Central University,https://app.shadowhealth.com/assignment_attempts/13063889,09/28/22 4:26 PM EDT,Assesment,Objective Data Collection ,Ryleigh,Click,Answer,Clarity of Urine-Clear,TRUE,0,0,0
,"28 Sep 2022, 04:49 PM EDT",Regina & Ryleigh,Hospice/Palliative Care,Gerontology,Focused Exam: End of Life,BSN,East Central University,https://app.shadowhealth.com/assignment_attempts/13063889,09/28/22 4:26 PM EDT,Assesment,Objective Data Collection ,Ryleigh,Click,Answer,Color oof Urine-Dark yellow,TRUE,0,0,0
,"28 Sep 2022, 04:49 PM EDT",Regina & Ryleigh,Hospice/Palliative Care,Gerontology,Focused Exam: End of Life,BSN,East Central University,https://app.shadowhealth.com/assignment_attempts/13063889,09/28/22 4:26 PM EDT,Assesment,Objective Data Collection ,Ryleigh,Click,Answer,Odor-No noticeable odor,TRUE,0,0,0
,"28 Sep 2022, 04:49 PM EDT",Regina & Ryleigh,Hospice/Palliative Care,Gerontology,Focused Exam: End of Life,BSN,East Central University,https://app.shadowhealth.com/assignment_attempts/13063889,09/28/22 4:26 PM EDT,Assesment,Objective Data Collection ,Ryleigh,Click,Exam Action,Checked Patient Wristbands,TRUE,0,0,0
,"28 Sep 2022, 04:49 PM EDT",Regina & Ryleigh,Hospice/Palliative Care,Gerontology,Focused Exam: End of Life,BSN,East Central University,https://app.shadowhealth.com/assignment_attempts/13063889,09/28/22 4:26 PM EDT,Assesment,Objective Data Collection ,Ryleigh,Click,Answer,All information is correct,TRUE,0,0,0
,"28 Sep 2022, 04:49 PM EDT",Regina & Ryleigh,Hospice/Palliative Care,Gerontology,Focused Exam: End of Life,BSN,East Central University,https://app.shadowhealth.com/assignment_attempts/13063889,09/28/22 4:27 PM EDT,Assesment,Subjective Data Collection ,Ryleigh,Dialog,Question,has anyone taken advantage of your finances?,TRUE,0,1,1
,"28 Sep 2022, 04:49 PM EDT",Regina & Ryleigh,Hospice/Palliative Care,Gerontology,Focused Exam: End of Life,BSN,East Central University,https://app.shadowhealth.com/assignment_attempts/13063889,09/28/22 4:27 PM EDT,Assesment,Subjective Data Collection ,Regina Walker,Dialog,Response,"No, no one in my family would ever steal from me . . . they would never do that. My husband is the one responsible for my . . . for my will, and our finances. I trust him unconditionally to take care of those matters.",TRUE,0,0,0
,"28 Sep 2022, 04:49 PM EDT",Regina & Ryleigh,Hospice/Palliative Care,Gerontology,Focused Exam: End of Life,BSN,East Central University,https://app.shadowhealth.com/assignment_attempts/13063889,09/28/22 4:28 PM EDT,Assesment,Objective Data Collection ,Ryleigh,Click,Exam Action,Inspected left eye,TRUE,0,0,0
,"28 Sep 2022, 04:49 PM EDT",Regina & Ryleigh,Hospice/Palliative Care,Gerontology,Focused Exam: End of Life,BSN,East Central University,https://app.shadowhealth.com/assignment_attempts/13063889,09/28/22 4:28 PM EDT,Assesment,Objective Data Collection ,Ryleigh,Click,Exam Action,Inspected right eye,TRUE,0,0,0
,"28 Sep 2022, 04:49 PM EDT",Regina & Ryleigh,Hospice/Palliative Care,Gerontology,Focused Exam: End of Life,BSN,East Central University,https://app.shadowhealth.com/assignment_attempts/13063889,09/28/22 4:28 PM EDT,Assesment,Objective Data Collection ,Ryleigh,Click,Answer,Eyelids-No visible abnormal findings,TRUE,0,0,0
,"28 Sep 2022, 04:49 PM EDT",Regina & Ryleigh,Hospice/Palliative Care,Gerontology,Focused Exam: End of Life,BSN,East Central University,https://app.shadowhealth.com/assignment_attempts/13063889,09/28/22 4:28 PM EDT,Assesment,Objective Data Collection ,Ryleigh,Click,Answer,Conjunctiva and Lens-Sclera - icterus,TRUE,0,0,0
,"28 Sep 2022, 04:49 PM EDT",Regina & Ryleigh,Hospice/Palliative Care,Gerontology,Focused Exam: End of Life,BSN,East Central University,https://app.shadowhealth.com/assignment_attempts/13063889,09/28/22 4:28 PM EDT,Assesment,Objective Data Collection ,Ryleigh,Click,Answer,Pupilary Reaction-No visible abnormal findings (PERRL),TRUE,0,0,0
,"28 Sep 2022, 04:49 PM EDT",Regina & Ryleigh,Hospice/Palliative Care,Gerontology,Focused Exam: End of Life,BSN,East Central University,https://app.shadowhealth.com/assignment_attempts/13063889,09/28/22 4:28PM EDT,Assesment,Objective Data Collection ,Ryleigh,Click,Answer,Accomodation-Normal constriction and dilation,TRUE,0,0,0
,"28 Sep 2022, 04:49 PM EDT",Regina & Ryleigh,Hospice/Palliative Care,Gerontology,Focused Exam: End of Life,BSN,East Central University,https://app.shadowhealth.com/assignment_attempts/13063889,09/28/22 4:30 PM EDT,Assesment,Objective Data Collection ,Ryleigh,Dialog,Statement,youre doing great,TRUE,0,1,0
,"28 Sep 2022, 04:49 PM EDT",Regina & Ryleigh,Hospice/Palliative Care,Gerontology,Focused Exam: End of Life,BSN,East Central University,https://app.shadowhealth.com/assignment_attempts/13063889,09/28/22 4:30 PM EDT,Assesment,Objective Data Collection ,Regina Walker,Dialog,Response,I appreciate the sympathy.,TRUE,0,0,0
,"28 Sep 2022, 04:49 PM EDT",Regina & Ryleigh,Hospice/Palliative Care,Gerontology,Focused Exam: End of Life,BSN,East Central University,https://app.shadowhealth.com/assignment_attempts/13063889,09/28/22 4:30 PM EDT,Assesment,Objective Data Collection ,Ryleigh,Click,Exam Action,Inspected mouth,TRUE,0,0,0
,"28 Sep 2022, 04:49 PM EDT",Regina & Ryleigh,Hospice/Palliative Care,Gerontology,Focused Exam: End of Life,BSN,East Central University,https://app.shadowhealth.com/assignment_attempts/13063889,09/28/22 4:30 PM EDT,Assesment,Objective Data Collection ,Ryleigh,Click,Answer,"Oral Mucosa and. Gums-Moist and pink, no bleeding",TRUE,0,0,0
,"28 Sep 2022, 04:49 PM EDT",Regina & Ryleigh,Hospice/Palliative Care,Gerontology,Focused Exam: End of Life,BSN,East Central University,https://app.shadowhealth.com/assignment_attempts/13063889,09/28/22 4:30 PM EDT,Assesment,Objective Data Collection ,Ryleigh,Click,Answer,Lips-Dry appearance,TRUE,0,0,0
,"28 Sep 2022, 04:49 PM EDT",Regina & Ryleigh,Hospice/Palliative Care,Gerontology,Focused Exam: End of Life,BSN,East Central University,https://app.shadowhealth.com/assignment_attempts/13063889,09/28/22 4:30 PM EDT,Assesment,Objective Data Collection ,Ryleigh,Click,Answer,Lips-Chapped,TRUE,0,0,0
,"28 Sep 2022, 04:49 PM EDT",Regina & Ryleigh,Hospice/Palliative Care,Gerontology,Focused Exam: End of Life,BSN,East Central University,https://app.shadowhealth.com/assignment_attempts/13063889,09/28/22 4:30 PM EDT,Assesment,Objective Data Collection ,Ryleigh,Click,Answer,"Tongue-Moist, pink",TRUE,0,0,0
,"28 Sep 2022, 04:49 PM EDT",Regina & Ryleigh,Hospice/Palliative Care,Gerontology,Focused Exam: End of Life,BSN,East Central University,https://app.shadowhealth.com/assignment_attempts/13063889,09/28/22 4:30 PM EDT,Assesment,Subjective Data Collection ,Ryleigh,Dialog,Statement,I am going to do a skin assessment now,TRUE,0,1,0
,"28 Sep 2022, 04:49 PM EDT",Regina & Ryleigh,Hospice/Palliative Care,Gerontology,Focused Exam: End of Life,BSN,East Central University,https://app.shadowhealth.com/assignment_attempts/13063889,09/28/22 4:30 PM EDT,Assesment,Subjective Data Collection ,Regina Walker,Dialog,Response,I appreciate the information.,TRUE,0,0,0
,"28 Sep 2022, 04:49 PM EDT",Regina & Ryleigh,Hospice/Palliative Care,Gerontology,Focused Exam: End of Life,BSN,East Central University,https://app.shadowhealth.com/assignment_attempts/13063889,09/28/22 4:30 PM EDT,Assesment,Objective Data Collection ,Ryleigh,Click,Exam Action,Inspected Skin,TRUE,0,0,0
,"28 Sep 2022, 04:49 PM EDT",Regina & Ryleigh,Hospice/Palliative Care,Gerontology,Focused Exam: End of Life,BSN,East Central University,https://app.shadowhealth.com/assignment_attempts/13063889,09/28/22 4:30 PM EDT,Assesment,Objective Data Collection ,Ryleigh,Click,Exam Action,Inspected front of neck and face,TRUE,0,0,0
,"28 Sep 2022, 04:49 PM EDT",Regina & Ryleigh,Hospice/Palliative Care,Gerontology,Focused Exam: End of Life,BSN,East Central University,https://app.shadowhealth.com/assignment_attempts/13063889,09/28/22 4:30 PM EDT,Assesment,Objective Data Collection ,Ryleigh,Click,Exam Action,Inspected chest and abdomen,TRUE,0,0,0
,"28 Sep 2022, 04:49 PM EDT",Regina & Ryleigh,Hospice/Palliative Care,Gerontology,Focused Exam: End of Life,BSN,East Central University,https://app.shadowhealth.com/assignment_attempts/13063889,09/28/22 4:30 PM EDT,Assesment,Objective Data Collection ,Ryleigh,Click,Exam Action,Inspected front of thighs and knees,TRUE,0,0,0
,"28 Sep 2022, 04:49 PM EDT",Regina & Ryleigh,Hospice/Palliative Care,Gerontology,Focused Exam: End of Life,BSN,East Central University,https://app.shadowhealth.com/assignment_attempts/13063889,09/28/22 4:30 PM EDT,Assesment,Objective Data Collection ,Ryleigh,Click,Exam Action,Inspected front of shins and top of feet,TRUE,0,0,0
,"28 Sep 2022, 04:49 PM EDT",Regina & Ryleigh,Hospice/Palliative Care,Gerontology,Focused Exam: End of Life,BSN,East Central University,https://app.shadowhealth.com/assignment_attempts/13063889,09/28/22 4:30 PM EDT,Assesment,Objective Data Collection ,Ryleigh,Click,Exam Action,Inspected back of neck and upper back,TRUE,0,0,0
,"28 Sep 2022, 04:49 PM EDT",Regina & Ryleigh,Hospice/Palliative Care,Gerontology,Focused Exam: End of Life,BSN,East Central University,https://app.shadowhealth.com/assignment_attempts/13063889,09/28/22 4:30 PM EDT,Assesment,Objective Data Collection ,Ryleigh,Click,Exam Action,Inspected lower back and hips,TRUE,0,0,0
,"28 Sep 2022, 04:49 PM EDT",Regina & Ryleigh,Hospice/Palliative Care,Gerontology,Focused Exam: End of Life,BSN,East Central University,https://app.shadowhealth.com/assignment_attempts/13063889,09/28/22 4:30 PM EDT,Assesment,Objective Data Collection ,Ryleigh,Click,Exam Action,Inspected back of thighs and knees,TRUE,0,0,0
,"28 Sep 2022, 04:49 PM EDT",Regina & Ryleigh,Hospice/Palliative Care,Gerontology,Focused Exam: End of Life,BSN,East Central University,https://app.shadowhealth.com/assignment_attempts/13063889,09/28/22 4:30 PM EDT,Assesment,Objective Data Collection ,Ryleigh,Click,Exam Action,Inspected calves and heel,TRUE,0,0,0
,"28 Sep 2022, 04:49 PM EDT",Regina & Ryleigh,Hospice/Palliative Care,Gerontology,Focused Exam: End of Life,BSN,East Central University,https://app.shadowhealth.com/assignment_attempts/13063889,09/28/22 4:31 PM EDT,Assesment,Objective Data Collection ,Ryleigh,Click,Exam Action,Inspected back of right hand and arm,TRUE,0,0,0
,"28 Sep 2022, 04:49 PM EDT",Regina & Ryleigh,Hospice/Palliative Care,Gerontology,Focused Exam: End of Life,BSN,East Central University,https://app.shadowhealth.com/assignment_attempts/13063889,09/28/22 4:31 PM EDT,Assesment,Objective Data Collection ,Ryleigh,Click,Exam Action,Inspected back of left hand and arm,TRUE,0,0,0
,"28 Sep 2022, 04:49 PM EDT",Regina & Ryleigh,Hospice/Palliative Care,Gerontology,Focused Exam: End of Life,BSN,East Central University,https://app.shadowhealth.com/assignment_attempts/13063889,09/28/22 4:31 PM EDT,Assesment,Objective Data Collection ,Ryleigh,Click,Exam Action,Inspected front of left hand and arm,TRUE,0,0,0
,"28 Sep 2022, 04:49 PM EDT",Regina & Ryleigh,Hospice/Palliative Care,Gerontology,Focused Exam: End of Life,BSN,East Central University,https://app.shadowhealth.com/assignment_attempts/13063889,09/28/22 4:31 PM EDT,Assesment,Objective Data Collection ,Ryleigh,Click,Exam Action,Inspected front of right hand and arm,TRUE,0,0,0
,"28 Sep 2022, 04:49 PM EDT",Regina & Ryleigh,Hospice/Palliative Care,Gerontology,Focused Exam: End of Life,BSN,East Central University,https://app.shadowhealth.com/assignment_attempts/13063889,09/28/22 4:31 PM EDT,Assesment,Objective Data Collection ,Ryleigh,Click,Answer,Wounds or Sores-No abnormal findings,TRUE,0,0,0
,"28 Sep 2022, 04:49 PM EDT",Regina & Ryleigh,Hospice/Palliative Care,Gerontology,Focused Exam: End of Life,BSN,East Central University,https://app.shadowhealth.com/assignment_attempts/13063889,09/28/22 4:31 PM EDT,Assesment,Objective Data Collection ,Ryleigh,Click,Answer,Signs of Skin Trauma-No abnormal findings,TRUE,0,0,0
,"28 Sep 2022, 04:49 PM EDT",Regina & Ryleigh,Hospice/Palliative Care,Gerontology,Focused Exam: End of Life,BSN,East Central University,https://app.shadowhealth.com/assignment_attempts/13063889,09/28/22 4:31 PM EDT,Assesment,Objective Data Collection ,Ryleigh,Click,Answer,Masses or Texture-No abnormal findings,TRUE,0,0,0
,"28 Sep 2022, 04:49 PM EDT",Regina & Ryleigh,Hospice/Palliative Care,Gerontology,Focused Exam: End of Life,BSN,East Central University,https://app.shadowhealth.com/assignment_attempts/13063889,09/28/22 4:31 PM EDT,Assesment,Objective Data Collection ,Ryleigh,Click,Answer,Color or Appearance-No abnormal findings,FALSE,0,0,0
,"28 Sep 2022, 04:49 PM EDT",Regina & Ryleigh,Hospice/Palliative Care,Gerontology,Focused Exam: End of Life,BSN,East Central University,https://app.shadowhealth.com/assignment_attempts/13063889,09/28/22 4:31 PM EDT,Assesment,Objective Data Collection ,Ryleigh,Click,Answer,Skin Characteristics and Hair- No abnormal findings,TRUE,0,0,0
,"28 Sep 2022, 04:49 PM EDT",Regina & Ryleigh,Hospice/Palliative Care,Gerontology,Focused Exam: End of Life,BSN,East Central University,https://app.shadowhealth.com/assignment_attempts/13063889,09/28/22 4:31 PM EDT,Assesment,Objective Data Collection ,Ryleigh,Click,Exam Action,Auscultated carotids,TRUE,0,0,0
,"28 Sep 2022, 04:49 PM EDT",Regina & Ryleigh,Hospice/Palliative Care,Gerontology,Focused Exam: End of Life,BSN,East Central University,https://app.shadowhealth.com/assignment_attempts/13063889,09/28/22 4:31 PM EDT,Assesment,Objective Data Collection ,Ryleigh,Click,Answer,Right-No bruit,TRUE,0,0,0
,"28 Sep 2022, 04:49 PM EDT",Regina & Ryleigh,Hospice/Palliative Care,Gerontology,Focused Exam: End of Life,BSN,East Central University,https://app.shadowhealth.com/assignment_attempts/13063889,09/28/22 4:31 PM EDT,Assesment,Objective Data Collection ,Ryleigh,Click,Answer,Left-No bruit,TRUE,0,0,0
,"28 Sep 2022, 04:49 PM EDT",Regina & Ryleigh,Hospice/Palliative Care,Gerontology,Focused Exam: End of Life,BSN,East Central University,https://app.shadowhealth.com/assignment_attempts/13063889,09/28/22 4:31 PM EDT,Assesment,Objective Data Collection ,Ryleigh,Click,Exam Action,Auscultated breath sounds,TRUE,0,0,0
,"28 Sep 2022, 04:49 PM EDT",Regina & Ryleigh,Hospice/Palliative Care,Gerontology,Focused Exam: End of Life,BSN,East Central University,https://app.shadowhealth.com/assignment_attempts/13063889,09/28/22 4:31 PM EDT,Assesment,Objective Data Collection ,Ryleigh,Click,Answer,Breath Sounds-Clear in all areas,TRUE,0,0,0
,"28 Sep 2022, 04:49 PM EDT",Regina & Ryleigh,Hospice/Palliative Care,Gerontology,Focused Exam: End of Life,BSN,East Central University,https://app.shadowhealth.com/assignment_attempts/13063889,09/28/22 4:31 PM EDT,Assesment,Objective Data Collection ,Ryleigh,Click,Answer,Adventitious Sounds-No adventitious sounds,TRUE,0,0,0
,"28 Sep 2022, 04:49 PM EDT",Regina & Ryleigh,Hospice/Palliative Care,Gerontology,Focused Exam: End of Life,BSN,East Central University,https://app.shadowhealth.com/assignment_attempts/13063889,09/28/22 4:31 PM EDT,Assesment,Objective Data Collection ,Ryleigh,Click,Exam Action,Auscultated heart sounds,TRUE,0,0,0
,"28 Sep 2022, 04:49 PM EDT",Regina & Ryleigh,Hospice/Palliative Care,Gerontology,Focused Exam: End of Life,BSN,East Central University,https://app.shadowhealth.com/assignment_attempts/13063889,09/28/22 4:31 PM EDT,Assesment,Objective Data Collection ,Ryleigh,Click,Answer,Heart Sounds-S1 and S2 audible,TRUE,0,0,0
,"28 Sep 2022, 04:49 PM EDT",Regina & Ryleigh,Hospice/Palliative Care,Gerontology,Focused Exam: End of Life,BSN,East Central University,https://app.shadowhealth.com/assignment_attempts/13063889,09/28/22 4:31 PM EDT,Assesment,Objective Data Collection ,Ryleigh,Click,Answer,Extra Heart Sounds-No extra sounds,TRUE,0,0,0
,"28 Sep 2022, 04:49 PM EDT",Regina & Ryleigh,Hospice/Palliative Care,Gerontology,Focused Exam: End of Life,BSN,East Central University,https://app.shadowhealth.com/assignment_attempts/13063889,09/28/22 4:31 PM EDT,Assesment,Objective Data Collection ,Ryleigh,Click,Answer,Rate And Rhythm-Regular rate and rhythm ,TRUE,0,0,0
,"28 Sep 2022, 04:49 PM EDT",Regina & Ryleigh,Hospice/Palliative Care,Gerontology,Focused Exam: End of Life,BSN,East Central University,https://app.shadowhealth.com/assignment_attempts/13063889,09/28/22 4:31 PM EDT,Assesment,Objective Data Collection ,Ryleigh,Click,Exam Action,Auscultated bowel sounds,TRUE,0,0,0
,"28 Sep 2022, 04:49 PM EDT",Regina & Ryleigh,Hospice/Palliative Care,Gerontology,Focused Exam: End of Life,BSN,East Central University,https://app.shadowhealth.com/assignment_attempts/13063889,09/28/22 4:31 PM EDT,Assesment,Objective Data Collection ,Ryleigh,Click,Answer,Bowel Sounds-Normoactive,TRUE,0,0,0
,"28 Sep 2022, 04:49 PM EDT",Regina & Ryleigh,Hospice/Palliative Care,Gerontology,Focused Exam: End of Life,BSN,East Central University,https://app.shadowhealth.com/assignment_attempts/13063889,09/28/22 4:31 PM EDT,Assesment,Objective Data Collection ,Ryleigh,Click,Answer,Location of Non Normoactive Bowel Sounds-All quadrants normoactive,TRUE,0,0,0
,"28 Sep 2022, 04:49 PM EDT",Regina & Ryleigh,Hospice/Palliative Care,Gerontology,Focused Exam: End of Life,BSN,East Central University,https://app.shadowhealth.com/assignment_attempts/13063889,09/28/22 4:32 PM EDT,Assesment,Objective Data Collection ,Ryleigh,Click,Exam Action,Palpated abdomen with light pressure,TRUE,0,0,0
,"28 Sep 2022, 04:49 PM EDT",Regina & Ryleigh,Hospice/Palliative Care,Gerontology,Focused Exam: End of Life,BSN,East Central University,https://app.shadowhealth.com/assignment_attempts/13063889,09/28/22 4:32 PM EDT,Assesment,Objective Data Collection ,Ryleigh,Click,Answer,Tenderness- None reported,TRUE,0,0,0
,"28 Sep 2022, 04:49 PM EDT",Regina & Ryleigh,Hospice/Palliative Care,Gerontology,Focused Exam: End of Life,BSN,East Central University,https://app.shadowhealth.com/assignment_attempts/13063889,09/28/22 4:32 PM EDT,Assesment,Objective Data Collection ,Ryleigh,Click,Answer,Location of Tenderness-No quadrants tender,TRUE,0,0,0
,"28 Sep 2022, 04:49 PM EDT",Regina & Ryleigh,Hospice/Palliative Care,Gerontology,Focused Exam: End of Life,BSN,East Central University,https://app.shadowhealth.com/assignment_attempts/13063889,09/28/22 4:32 PM EDT,Assesment,Objective Data Collection ,Ryleigh,Click,Answer,Observations-No additional observations,TRUE,0,0,0
,"28 Sep 2022, 04:49 PM EDT",Regina & Ryleigh,Hospice/Palliative Care,Gerontology,Focused Exam: End of Life,BSN,East Central University,https://app.shadowhealth.com/assignment_attempts/13063889,09/28/22 4:32 PM EDT,Assesment,Objective Data Collection ,Ryleigh,Click,Exam Action,Palpated abdomen with deep pressure,TRUE,0,0,0
,"28 Sep 2022, 04:49 PM EDT",Regina & Ryleigh,Hospice/Palliative Care,Gerontology,Focused Exam: End of Life,BSN,East Central University,https://app.shadowhealth.com/assignment_attempts/13063889,09/28/22 4:32 PM EDT,Assesment,Objective Data Collection ,Ryleigh,Click,Answer,Presence of Unexpected Mass-No palpable mass,TRUE,0,0,0
,"28 Sep 2022, 04:49 PM EDT",Regina & Ryleigh,Hospice/Palliative Care,Gerontology,Focused Exam: End of Life,BSN,East Central University,https://app.shadowhealth.com/assignment_attempts/13063889,09/28/22 4:32 PM EDT,Assesment,Objective Data Collection ,Ryleigh,Click,Answer,Location of Mass-No palpable mass,TRUE,0,0,0
,"28 Sep 2022, 04:49 PM EDT",Regina & Ryleigh,Hospice/Palliative Care,Gerontology,Focused Exam: End of Life,BSN,East Central University,https://app.shadowhealth.com/assignment_attempts/13063889,09/28/22 4:32 PM EDT,Assesment,Objective Data Collection ,Ryleigh,Click,Exam Action,Palpated bladder,TRUE,0,0,0
,"28 Sep 2022, 04:49 PM EDT",Regina & Ryleigh,Hospice/Palliative Care,Gerontology,Focused Exam: End of Life,BSN,East Central University,https://app.shadowhealth.com/assignment_attempts/13063889,09/28/22 4:32 PM EDT,Assesment,Objective Data Collection ,Ryleigh,Click,Answer,Tenderness- None reported,TRUE,0,0,0
,"28 Sep 2022, 04:49 PM EDT",Regina & Ryleigh,Hospice/Palliative Care,Gerontology,Focused Exam: End of Life,BSN,East Central University,https://app.shadowhealth.com/assignment_attempts/13063889,09/28/22 4:32 PM EDT,Assesment,Objective Data Collection ,Ryleigh,Click,Answer,Distension-No distension,TRUE,0,0,0
,"28 Sep 2022, 04:49 PM EDT",Regina & Ryleigh,Hospice/Palliative Care,Gerontology,Focused Exam: End of Life,BSN,East Central University,https://app.shadowhealth.com/assignment_attempts/13063889,09/28/22 4:34 PM EDT,Assesment,Subjective Data Collection ,Ryleigh,Dialog,Question,"repeat and remember apple, penny, and table",TRUE,0,0,0
,"28 Sep 2022, 04:49 PM EDT",Regina & Ryleigh,Hospice/Palliative Care,Gerontology,Focused Exam: End of Life,BSN,East Central University,https://app.shadowhealth.com/assignment_attempts/13063889,09/28/22 4:34 PM EDT,Assesment,Subjective Data Collection ,Regina Walker,Dialog,Response,"Apple, penny, and table.",TRUE,0,0,0
,"28 Sep 2022, 04:49 PM EDT",Regina & Ryleigh,Hospice/Palliative Care,Gerontology,Focused Exam: End of Life,BSN,East Central University,https://app.shadowhealth.com/assignment_attempts/13063889,09/28/22 4:35 PM EDT,Assesment,Subjective Data Collection ,Ryleigh,Dialog,Question,can you repeat the 3 words i asked you to remember earlier,TRUE,0,0,0
,"28 Sep 2022, 04:49 PM EDT",Regina & Ryleigh,Hospice/Palliative Care,Gerontology,Focused Exam: End of Life,BSN,East Central University,https://app.shadowhealth.com/assignment_attempts/13063889,09/28/22 4:35 PM EDT,Assesment,Subjective Data Collection ,Regina Walker,Dialog,Response,"Apple, penny, and table.",TRUE,0,0,0
,"28 Sep 2022, 04:49 PM EDT",Regina & Ryleigh,Hospice/Palliative Care,Gerontology,Focused Exam: End of Life,BSN,East Central University,https://app.shadowhealth.com/assignment_attempts/13063889,09/28/22 4:36 PM EDT,Assesment,Objective Data Collection ,Ryleigh,Click,Exam Action,Tested cognition,TRUE,0,0,0
,"28 Sep 2022, 04:49 PM EDT",Regina & Ryleigh,Hospice/Palliative Care,Gerontology,Focused Exam: End of Life,BSN,East Central University,https://app.shadowhealth.com/assignment_attempts/13063889,09/28/22 4:36 PM EDT,Assesment,Objective Data Collection ,Ryleigh,Click,Answer,Clock Drawing Test-All numbers present in correct sequence and position; hands display requested time ,TRUE,0,0,0
,"28 Sep 2022, 04:49 PM EDT",Regina & Ryleigh,Hospice/Palliative Care,Gerontology,Focused Exam: End of Life,BSN,East Central University,https://app.shadowhealth.com/assignment_attempts/13063889,09/28/22 4:36 PM EDT,Assesment,Objective Data Collection ,Ryleigh,Click,Answer,Word Recall-Correctly recalled three words,TRUE,0,0,0
,"28 Sep 2022, 04:49 PM EDT",Regina & Ryleigh,Hospice/Palliative Care,Gerontology,Focused Exam: End of Life,BSN,East Central University,https://app.shadowhealth.com/assignment_attempts/13063889,09/28/22 4:36 PM EDT,Assesment,Objective Data Collection ,Ryleigh,Dialog,Statement,great job,TRUE,0,1,0
,"28 Sep 2022, 04:49 PM EDT",Regina & Ryleigh,Hospice/Palliative Care,Gerontology,Focused Exam: End of Life,BSN,East Central University,https://app.shadowhealth.com/assignment_attempts/13063889,09/28/22 4:36 PM EDT,Assesment,Objective Data Collection ,Regina Walker,Dialog,Response,Thank you. Your kindness is felt.,TRUE,0,0,0
,"28 Sep 2022, 04:49 PM EDT",Regina & Ryleigh,Hospice/Palliative Care,Gerontology,Focused Exam: End of Life,BSN,East Central University,https://app.shadowhealth.com/assignment_attempts/13063889,09/28/22 4:36 PM EDT,Assesment,Objective Data Collection ,Ryleigh,Click,Exam Action,Tested skin turgor,TRUE,0,0,0
,"28 Sep 2022, 04:49 PM EDT",Regina & Ryleigh,Hospice/Palliative Care,Gerontology,Focused Exam: End of Life,BSN,East Central University,https://app.shadowhealth.com/assignment_attempts/13063889,09/28/22 4:36 PM EDT,Assesment,Objective Data Collection ,Ryleigh,Click,Answer,Observations-Tenting,TRUE,0,0,0
,"28 Sep 2022, 04:49 PM EDT",Regina & Ryleigh,Hospice/Palliative Care,Gerontology,Focused Exam: End of Life,BSN,East Central University,https://app.shadowhealth.com/assignment_attempts/13063889,09/28/22 4:36 PM EDT,Assesment,Objective Data Collection ,Ryleigh,Click,Exam Action,Tested capillary refill,TRUE,0,0,0
,"28 Sep 2022, 04:49 PM EDT",Regina & Ryleigh,Hospice/Palliative Care,Gerontology,Focused Exam: End of Life,BSN,East Central University,https://app.shadowhealth.com/assignment_attempts/13063889,09/28/22 4:36 PM EDT,Assesment,Objective Data Collection ,Ryleigh,Click,Answer,Capillary Refill Time-Less than 2 seconds,TRUE,0,0,0
,"28 Sep 2022, 04:49 PM EDT",Regina & Ryleigh,Hospice/Palliative Care,Gerontology,Focused Exam: End of Life,BSN,East Central University,https://app.shadowhealth.com/assignment_attempts/13063889,09/28/22 4:36 PM EDT,Assesment,Objective Data Collection ,Ryleigh,Click,Exam Action,Auscultated heart sounds,TRUE,0,0,0
,"28 Sep 2022, 04:49 PM EDT",Regina & Ryleigh,Hospice/Palliative Care,Gerontology,Focused Exam: End of Life,BSN,East Central University,https://app.shadowhealth.com/assignment_attempts/13063889,09/28/22 4:36 PM EDT,Assesment,Objective Data Collection ,Ryleigh,Click,Answer,Heart Sounds-S1 and S2 audible,TRUE,0,0,0
,"28 Sep 2022, 04:49 PM EDT",Regina & Ryleigh,Hospice/Palliative Care,Gerontology,Focused Exam: End of Life,BSN,East Central University,https://app.shadowhealth.com/assignment_attempts/13063889,09/28/22 4:36 PM EDT,Assesment,Objective Data Collection ,Ryleigh,Click,Answer,Extra Heart Sounds-No extra sounds,TRUE,0,0,0
,"28 Sep 2022, 04:49 PM EDT",Regina & Ryleigh,Hospice/Palliative Care,Gerontology,Focused Exam: End of Life,BSN,East Central University,https://app.shadowhealth.com/assignment_attempts/13063889,09/28/22 4:36 PM EDT,Assesment,Objective Data Collection ,Ryleigh,Click,Answer,Rate And Rhythm-Regular rate and rhythm ,TRUE,0,0,0
,"28 Sep 2022, 04:49 PM EDT",Regina & Ryleigh,Hospice/Palliative Care,Gerontology,Focused Exam: End of Life,BSN,East Central University,https://app.shadowhealth.com/assignment_attempts/13063889,09/28/22 4:37 PM EDT,Assesment,Subjective Data Collection ,Ryleigh,Dialog,Question,have you had any surgeries,TRUE,0,0,1
,"28 Sep 2022, 04:49 PM EDT",Regina & Ryleigh,Hospice/Palliative Care,Gerontology,Focused Exam: End of Life,BSN,East Central University,https://app.shadowhealth.com/assignment_attempts/13063889,09/28/22 4:37 PM EDT,Assesment,Subjective Data Collection ,Regina Walker,Dialog,Response,"I had a mastectomy about 5 years ago for the cancer, and before that a hernia repair surgery.",TRUE,0,0,0
,"28 Sep 2022, 04:49 PM EDT",Regina & Ryleigh,Hospice/Palliative Care,Gerontology,Focused Exam: End of Life,BSN,East Central University,https://app.shadowhealth.com/assignment_attempts/13063889,09/28/22 4:38 PM EDT,Assesment,Subjective Data Collection ,Ryleigh,Dialog,Statement,thank you,TRUE,0,1,0
,"28 Sep 2022, 04:49 PM EDT",Regina & Ryleigh,Hospice/Palliative Care,Gerontology,Focused Exam: End of Life,BSN,East Central University,https://app.shadowhealth.com/assignment_attempts/13063889,09/28/22 4:38 PM EDT,Assesment,Subjective Data Collection ,Regina Walker,Dialog,Response,"Yes, thanks very much.",TRUE,0,0,0
,"28 Sep 2022, 04:49 PM EDT",Regina & Ryleigh,Hospice/Palliative Care,Gerontology,Focused Exam: End of Life,BSN,East Central University,https://app.shadowhealth.com/assignment_attempts/13063889,09/28/22 4:38 PM EDT,Assesment,Subjective Data Collection ,Ryleigh,Dialog,Question,do you have any family history,TRUE,0,0,1
,"28 Sep 2022, 04:49 PM EDT",Regina & Ryleigh,Hospice/Palliative Care,Gerontology,Focused Exam: End of Life,BSN,East Central University,https://app.shadowhealth.com/assignment_attempts/13063889,09/28/22 4:38 PM EDT,Assesment,Subjective Data Collection ,Regina Walker,Dialog,Response,"My parents both have passed on, but they had a few health issues while they were still with us. Both had high blood pressure and cholesterol and my father had type 2 diabetes as well.",TRUE,0,0,0
,"28 Sep 2022, 04:49 PM EDT",Regina & Ryleigh,Hospice/Palliative Care,Gerontology,Focused Exam: End of Life,BSN,East Central University,https://app.shadowhealth.com/assignment_attempts/13063889,09/28/22 4:38 PM EDT,Assesment,Subjective Data Collection ,Ryleigh,Dialog,Statement,thank you,TRUE,0,1,0
,"28 Sep 2022, 04:49 PM EDT",Regina & Ryleigh,Hospice/Palliative Care,Gerontology,Focused Exam: End of Life,BSN,East Central University,https://app.shadowhealth.com/assignment_attempts/13063889,09/28/22 4:38 PM EDT,Assesment,Subjective Data Collection ,Regina Walker,Dialog,Response,I appreciate the good will.,TRUE,0,0,0
,"28 Sep 2022, 04:49 PM EDT",Regina & Ryleigh,Hospice/Palliative Care,Gerontology,Focused Exam: End of Life,BSN,East Central University,https://app.shadowhealth.com/assignment_attempts/13063889,09/28/22 4:39 PM EDT,Care Plan ,Nursing Diagnosis,Ryleigh,Click,Answer,Diagnosis-readiness for effective coping,TRUE,0,0,0
,"28 Sep 2022, 04:49 PM EDT",Regina & Ryleigh,Hospice/Palliative Care,Gerontology,Focused Exam: End of Life,BSN,East Central University,https://app.shadowhealth.com/assignment_attempts/13063889,09/28/22 4:39 PM EDT,Care Plan ,Nursing Diagnosis,Ryleigh,Click,Answer,Signs & Symptoms-Increased home care needs,TRUE,0,0,0
,"28 Sep 2022, 04:49 PM EDT",Regina & Ryleigh,Hospice/Palliative Care,Gerontology,Focused Exam: End of Life,BSN,East Central University,https://app.shadowhealth.com/assignment_attempts/13063889,09/28/22 4:40 PM EDT,Care Plan ,Nursing Diagnosis,Ryleigh,Click,Answer,Signs & Symptoms-Interest in hospice care,TRUE,0,0,0
,"28 Sep 2022, 04:49 PM EDT",Regina & Ryleigh,Hospice/Palliative Care,Gerontology,Focused Exam: End of Life,BSN,East Central University,https://app.shadowhealth.com/assignment_attempts/13063889,09/28/22 4:40 PM EDT,Care Plan ,Planning,Ryleigh,Click,Answer,"Short Term Goal-Patient will verbalize an understanding of coping methods and resources, as well as report an improved understanding of hospice care, by end of shift.",TRUE,1,0,0
,"28 Sep 2022, 04:49 PM EDT",Regina & Ryleigh,Hospice/Palliative Care,Gerontology,Focused Exam: End of Life,BSN,East Central University,https://app.shadowhealth.com/assignment_attempts/13063889,09/28/22 4:41 PM EDT,Care Plan ,Planning,Ryleigh,Click,Answer,Interventions-Evaluate patients current understanding of coping strategies supporting their transition to hospice care,TRUE,1,0,0
,"28 Sep 2022, 04:49 PM EDT",Regina & Ryleigh,Hospice/Palliative Care,Gerontology,Focused Exam: End of Life,BSN,East Central University,https://app.shadowhealth.com/assignment_attempts/13063889,09/28/22 4:41 PM EDT,Care Plan ,Planning,Ryleigh,Click,Answer,Interventions-Reinforce coping strategies and palliative care principles related to terminal illness,TRUE,1,0,0
,"28 Sep 2022, 04:49 PM EDT",Regina & Ryleigh,Hospice/Palliative Care,Gerontology,Focused Exam: End of Life,BSN,East Central University,https://app.shadowhealth.com/assignment_attempts/13063889,09/28/22 4:42 PM EDT,Care Plan ,Planning,Ryleigh,Click,Answer,"Interventions-Provide referrals to patient, and patients family if present, to appropriate resources (funeral services, spiritual support, financial assistance, etc.)",TRUE,1,0,0
,"28 Sep 2022, 04:49 PM EDT",Regina & Ryleigh,Hospice/Palliative Care,Gerontology,Focused Exam: End of Life,BSN,East Central University,https://app.shadowhealth.com/assignment_attempts/13063889,09/28/22 4:42 PM EDT,Care Plan ,Planning,System,Click,Prompt,"Intervention Rationale-In 1 or 2 sentences, explain how your selected interventions work to accomplish your goal.",TRUE,0,0,0
,"28 Sep 2022, 04:49 PM EDT",Regina & Ryleigh,Hospice/Palliative Care,Gerontology,Focused Exam: End of Life,BSN,East Central University,https://app.shadowhealth.com/assignment_attempts/13063889,09/28/22 4:43 PM EDT,Care Plan ,Planning,Ryleigh,Documentation ,Answer,Intervention Rationale-These will prepare the pt and the family for the transition that they are about to make. this will also make the process less demanding on the family and the patient,TRUE,1,1,0
,"28 Sep 2022, 04:49 PM EDT",Regina & Ryleigh,Hospice/Palliative Care,Gerontology,Focused Exam: End of Life,BSN,East Central University,https://app.shadowhealth.com/assignment_attempts/13063889,09/28/22 4:43 PM EDT,Care Plan ,Planning,Ryleigh,Click,Answer,Data Collections-Ask patient to state back an understanding of the outlined coping methods and available resources. Assess patients sense of understanding regarding the transition into hospice care.,TRUE,1,0,0
,"28 Sep 2022, 04:49 PM EDT",Regina & Ryleigh,Hospice/Palliative Care,Gerontology,Focused Exam: End of Life,BSN,East Central University,https://app.shadowhealth.com/assignment_attempts/13063889,09/28/22 4:46 PM EDT,Care Plan ,Discussion of Care,System,Click,Prompt,"Explain the rationale behind your nursing diagnosis, as well as your goal(s) for Ms. Walker and the interventions/data collections you will use to help her achieve this goal(s).",TRUE,0,1,0
,"28 Sep 2022, 04:49 PM EDT",Regina & Ryleigh,Hospice/Palliative Care,Gerontology,Focused Exam: End of Life,BSN,East Central University,https://app.shadowhealth.com/assignment_attempts/13063889,09/28/22 4:46 PM EDT,Care Plan ,Discussion of Care,Ryleigh,Dialog,Statement,"Ms. Walker, we are going to work on ways for you to cope with the upcoming changes you are about to face. This will help the transition be less demanding on you as well as your family. I know this is going to be hard on you all, so I am here for any questions or concerns. I want to know how much education you have on coping strategies, give you some supplemental strategies, and also give you referrals",TRUE,1,1,0
,"28 Sep 2022, 04:49 PM EDT",Regina & Ryleigh,Hospice/Palliative Care,Gerontology,Focused Exam: End of Life,BSN,East Central University,https://app.shadowhealth.com/assignment_attempts/13063889,09/28/22 4:46 PM EDT,Care Plan ,Discussion of Care,Regina Walker,Dialog,Response,I understand what you're saying. Thank you.,TRUE,0,0,0
,"28 Sep 2022, 04:49 PM EDT",Regina & Ryleigh,Hospice/Palliative Care,Gerontology,Focused Exam: End of Life,BSN,East Central University,https://app.shadowhealth.com/assignment_attempts/13063889,09/28/22 4:46 PM EDT,Care Plan ,Discussion of Care,System,Click,Prompt,"Before you begin this discussion on active coping methods and resources, ask for Ms. Walker's consent to the Care Plan.",TRUE,0,1,0
,"28 Sep 2022, 04:49 PM EDT",Regina & Ryleigh,Hospice/Palliative Care,Gerontology,Focused Exam: End of Life,BSN,East Central University,https://app.shadowhealth.com/assignment_attempts/13063889,09/28/22 4:46 PM EDT,Care Plan ,Discussion of Care,Ryleigh,Dialog,Statement,Do you agree with this plan of care?,TRUE,0,1,0
,"28 Sep 2022, 04:49 PM EDT",Regina & Ryleigh,Hospice/Palliative Care,Gerontology,Focused Exam: End of Life,BSN,East Central University,https://app.shadowhealth.com/assignment_attempts/13063889,09/28/22 4:46 PM EDT,Care Plan ,Discussion of Care,Regina Walker,Dialog,Response,I consent. You can begin now.,TRUE,0,0,0
,"28 Sep 2022, 04:49 PM EDT",Regina & Ryleigh,Hospice/Palliative Care,Gerontology,Focused Exam: End of Life,BSN,East Central University,https://app.shadowhealth.com/assignment_attempts/13063889,09/28/22 4:47 PM EDT,Care Plan ,Intervention & Evaluation ,Ryleigh,Click,Answer,Fully ,TRUE,0,0,0
,"28 Sep 2022, 04:49 PM EDT",Regina & Ryleigh,Hospice/Palliative Care,Gerontology,Focused Exam: End of Life,BSN,East Central University,https://app.shadowhealth.com/assignment_attempts/13063889,09/28/22 4:47 PM EDT,Care Plan ,Intervention & Evaluation Rationale,System,Click,Prompt,"Did you achieve your goal of having the patient, by the end of your shift, verbalize an understanding of coping methods and resources, as well as report an improved understanding of hospice care?",TRUE,0,0,0
,"28 Sep 2022, 04:49 PM EDT",Regina & Ryleigh,Hospice/Palliative Care,Gerontology,Focused Exam: End of Life,BSN,East Central University,https://app.shadowhealth.com/assignment_attempts/13063889,09/28/22 4:48 PM EDT,Care Plan ,Intervention & Evaluation Rationale,Ryleigh,Documentation ,Answer,She shows that she is thankful for the education and states that she thinks it will be beneficial. she also states that she is more knowledgeable,TRUE,1,0,0